2025-11-21 19:20:48,012 - INFO - 创建保存目录: 雪球图书 - 进阶吧 投资者
2025-11-21 19:20:48,014 - INFO - 开始读取Excel文件: d:/project/雪球爬虫项目/1. 图片链接拆分多行.xlsx
2025-11-21 19:20:48,251 - INFO - 成功读取1123条图片数据
2025-11-21 19:20:48,252 - INFO - 开始下载图片...
2025-11-21 19:20:51,795 - INFO - 序号 2: 成功下载 - https://xqimg.imedao.com/18ca0095a617854c3fbd2e8c.jpg
2025-11-21 19:20:53,309 - INFO - 序号 3: 成功下载 - https://xqimg.imedao.com/18ca00973ea785513fe26b5a.jpg
2025-11-21 19:20:54,883 - INFO - 序号 4: 成功下载 - https://xqimg.imedao.com/18ca007fcaf540143fee7616.jpg
2025-11-21 19:20:54,981 - INFO - 序号 5: 成功下载 - https://xqimg.imedao.com/18ca00841314eb103fef67e8.jpg
2025-11-21 19:20:55,950 - INFO - 序号 6: 成功下载 - https://xqimg.imedao.com/18ca009ba255f97f3fdf2289.jpg
2025-11-21 19:20:58,183 - INFO - 序号 1: 成功下载 - https://xqimg.imedao.com/183e8d1287419a6e3fe21eb9.jpg
2025-11-21 19:20:59,439 - INFO - 序号 7: 成功下载 - https://xqimg.imedao.com/18ca00a5271586ec3fe97da5.jpg
2025-11-21 19:20:59,912 - INFO - 序号 9: 成功下载 - https://xqimg.imedao.com/18ca00ade40785b23fe12c11.jpg
2025-11-21 19:21:00,052 - INFO - 序号 8: 成功下载 - https://xqimg.imedao.com/18ca00ab5d5785a63feb41ad.jpg
2025-11-21 19:21:01,446 - INFO - 序号 10: 成功下载 - https://xqimg.imedao.com/18ca00b0697785bd3fd20688.jpg
2025-11-21 19:21:03,075 - INFO - 序号 12: 成功下载 - https://xqimg.imedao.com/18ca00b2d6b5f9943fb57ada.jpg
2025-11-21 19:21:03,171 - INFO - 序号 11: 成功下载 - https://xqimg.imedao.com/18ca00b2192785c53fb2d9be.jpg
2025-11-21 19:21:04,671 - INFO - 序号 13: 成功下载 - https://xqimg.imedao.com/18ca00b460f785cf3fedfba5.jpg
2025-11-21 19:21:04,843 - INFO - 序号 14: 成功下载 - https://xqimg.imedao.com/18ca00b6133785d93feb50cb.jpg
2025-11-21 19:21:05,478 - INFO - 序号 15: 成功下载 - https://xqimg.imedao.com/18ca00b79325f99e3fe05a79.jpg
2025-11-21 19:21:06,061 - INFO - 序号 16: 成功下载 - https://xqimg.imedao.com/18ca00b949e4eb2a3fe474c9.jpg
2025-11-21 19:21:06,547 - INFO - 序号 17: 成功下载 - https://xqimg.imedao.com/18ca00be5ee785f23fdafe03.jpg
2025-11-21 19:21:07,526 - INFO - 序号 18: 成功下载 - https://xqimg.imedao.com/18ca00bf69e786043fe7c7ee.jpg
2025-11-21 19:21:09,277 - INFO - 序号 19: 成功下载 - https://xqimg.imedao.com/18ca00c0a945f9b43f929de7.jpg
2025-11-21 19:21:09,794 - INFO - 序号 20: 成功下载 - https://xqimg.imedao.com/18ca00c2335786253feae2c6.jpg
2025-11-21 19:21:10,355 - INFO - 序号 22: 成功下载 - https://xqimg.imedao.com/18ca00c489f5f9b73fe40cf7.jpg
2025-11-21 19:21:11,494 - INFO - 序号 24: 成功下载 - https://xqimg.imedao.com/18ca00ca39f50ea73fce4fe2.jpg
2025-11-21 19:21:11,528 - INFO - 序号 21: 成功下载 - https://xqimg.imedao.com/18ca00c34487862a3fe39fa2.jpg
2025-11-21 19:21:11,657 - INFO - 序号 23: 成功下载 - https://xqimg.imedao.com/18ca00c75a25870e3fd548f6.jpg
2025-11-21 19:21:14,267 - INFO - 序号 26: 成功下载 - https://xqimg.imedao.com/183ee0d4a7a1b69a3fe9584a.jpg
2025-11-21 19:21:14,954 - INFO - 序号 25: 成功下载 - https://xqimg.imedao.com/183ee0d0f641b6843fe96fa7.jpg
2025-11-21 19:21:16,191 - INFO - 序号 29: 成功下载 - https://xqimg.imedao.com/183ee0da1e91b95c3fb5cfff.jpg
2025-11-21 19:21:16,203 - INFO - 序号 27: 成功下载 - https://xqimg.imedao.com/183ee0d65ba1b69b3fe32117.jpg
2025-11-21 19:21:17,208 - INFO - 序号 30: 成功下载 - https://xqimg.imedao.com/183ee0db5a01b8863fc1d647.jpg
2025-11-21 19:21:18,110 - INFO - 序号 31: 成功下载 - https://xqimg.imedao.com/183ee10663e1b6bb3fcff248.jpg
2025-11-21 19:21:18,544 - INFO - 序号 28: 成功下载 - https://xqimg.imedao.com/183ee101eb41b9643fe69411.jpg
2025-11-21 19:21:19,682 - INFO - 序号 33: 成功下载 - https://xqimg.imedao.com/183ee0df0631b6923fe464b7.jpg
2025-11-21 19:21:19,750 - INFO - 序号 32: 成功下载 - https://xqimg.imedao.com/183ee0dda6e1b6913fea3248.jpg
2025-11-21 19:21:20,413 - INFO - 序号 34: 成功下载 - https://xqimg.imedao.com/183ee109f351b9693fd37aa0.jpg
2025-11-21 19:21:21,809 - INFO - 序号 36: 成功下载 - https://xqimg.imedao.com/183ee0e3f001b88c3fcf9547.jpg
2025-11-21 19:21:22,932 - INFO - 序号 35: 成功下载 - https://xqimg.imedao.com/183ee0e22651b6cb3fd678ab.jpg
2025-11-21 19:21:24,357 - INFO - 序号 39: 成功下载 - https://xqimg.imedao.com/183ee0e87ed1b6a73fc6e916.jpg
2025-11-21 19:21:24,882 - INFO - 序号 40: 成功下载 - https://xqimg.imedao.com/183ee113d411b96f3fe54999.jpg
2025-11-21 19:21:25,384 - INFO - 序号 37: 成功下载 - https://xqimg.imedao.com/183ee10d9401b9323fe6dfff.jpg
2025-11-21 19:21:25,588 - INFO - 序号 41: 成功下载 - https://xqimg.imedao.com/183ee0ed0d01b6923fe46851.jpg
2025-11-21 19:21:25,829 - INFO - 序号 38: 成功下载 - https://xqimg.imedao.com/183ee0e6c1c1b6cd3fc16536.jpg
2025-11-21 19:21:27,838 - INFO - 序号 44: 成功下载 - https://xqimg.imedao.com/183ee0f03921b6d53fec2ec1.jpg
2025-11-21 19:21:28,390 - INFO - 序号 42: 成功下载 - https://xqimg.imedao.com/183ee0ee3b41b6d43fe2b1e1.jpg
2025-11-21 19:21:28,981 - INFO - 序号 43: 成功下载 - https://xqimg.imedao.com/183ee1180a71b8b33fe08d0c.jpg
2025-11-21 19:21:30,200 - INFO - 序号 45: 成功下载 - https://xqimg.imedao.com/183ee0f13fc1b6963fe7948b.jpg
2025-11-21 19:21:31,758 - INFO - 序号 46: 成功下载 - https://xqimg.imedao.com/183ee11baf81b6af3fa8f0f8.jpg
2025-11-21 19:21:32,175 - INFO - 序号 48: 成功下载 - https://xqimg.imedao.com/183ee0f86ea1b8983fcba91e.jpeg
2025-11-21 19:21:32,865 - INFO - 序号 47: 成功下载 - https://xqimg.imedao.com/183ee0f3a541bb1f3fe0b9e6.jpeg
2025-11-21 19:21:33,554 - INFO - 序号 50: 成功下载 - https://xqimg.imedao.com/183eb5b5fb11ac673fe15e54.jpg
2025-11-21 19:21:34,411 - INFO - 序号 51: 成功下载 - https://xqimg.imedao.com/183eb5b73ef1af2e3fdb9ed2.jpg
2025-11-21 19:21:37,172 - INFO - 序号 53: 成功下载 - https://xqimg.imedao.com/183eb5b9bd91af2f3fe99d1a.jpg
2025-11-21 19:21:37,182 - INFO - 序号 54: 成功下载 - https://xqimg.imedao.com/183eb5ba89b1af303fec710c.jpg
2025-11-21 19:21:37,265 - INFO - 序号 52: 成功下载 - https://xqimg.imedao.com/183eb5b84861b1643fe1d40f.jpg
2025-11-21 19:21:38,038 - INFO - 序号 55: 成功下载 - https://xqimg.imedao.com/183eb5d69e51acd73fee6b2e.jpg
2025-11-21 19:21:40,247 - INFO - 序号 57: 成功下载 - https://xqimg.imedao.com/183eb5bce441acc63fe46977.jpg
2025-11-21 19:21:40,705 - INFO - 序号 56: 成功下载 - https://xqimg.imedao.com/183eb5bbe3b1af313fc586fe.jpg
2025-11-21 19:21:41,743 - INFO - 序号 49: 成功下载 - https://xqimg.imedao.com/183ededb38e1b5523fef8f17.jpg
2025-11-21 19:21:42,445 - INFO - 序号 59: 成功下载 - https://xqimg.imedao.com/183eb5bed5d1ae0c3fe3da59.jpg
2025-11-21 19:21:43,022 - INFO - 序号 58: 成功下载 - https://xqimg.imedao.com/183eb5bdeb11b1663fe8d05f.jpg
2025-11-21 19:21:43,429 - INFO - 序号 61: 成功下载 - https://xqimg.imedao.com/183eb5c0eff1ac8d3fca5b9e.jpg
2025-11-21 19:21:43,444 - INFO - 序号 60: 成功下载 - https://xqimg.imedao.com/183eb5bfa9e1acc93fc782ee.jpg
2025-11-21 19:21:44,130 - INFO - 序号 62: 成功下载 - https://xqimg.imedao.com/183eb5c20f31af5d3fea2c71.jpg
2025-11-21 19:21:44,639 - INFO - 序号 63: 成功下载 - https://xqimg.imedao.com/183eb5c2fe11accd3fe61f7a.jpg
2025-11-21 19:21:45,342 - INFO - 序号 65: 成功下载 - https://xqimg.imedao.com/183eb5c4f341af363fecd183.jpg
2025-11-21 19:21:45,536 - INFO - 序号 64: 成功下载 - https://xqimg.imedao.com/183eb5c403e1acce3fe9d2e5.jpg
2025-11-21 19:21:45,926 - INFO - 序号 67: 成功下载 - https://xqimg.imedao.com/183eb5c6ec21ac6c3fdc9fd7.jpg
2025-11-21 19:21:46,402 - INFO - 序号 66: 成功下载 - https://xqimg.imedao.com/183eb5c5e9e1ac903fe43edf.jpg
2025-11-21 19:21:47,390 - INFO - 序号 68: 成功下载 - https://xqimg.imedao.com/183eb5ee10e1ace23fe3e229.jpg
2025-11-21 19:21:48,847 - INFO - 序号 69: 成功下载 - https://xqimg.imedao.com/183eb5ef57c1afae3fd9b2ee.jpg
2025-11-21 19:21:50,064 - INFO - 序号 71: 成功下载 - https://xqimg.imedao.com/183edf3c1001b8823fe15cac.jpg
2025-11-21 19:21:50,393 - INFO - 序号 73: 成功下载 - https://xqimg.imedao.com/183eb6008681acea3fdf457e.jpg
2025-11-21 19:21:51,220 - INFO - 序号 74: 成功下载 - https://xqimg.imedao.com/183eb60173e1af7f3fa4ec9c.jpg
2025-11-21 19:21:51,672 - INFO - 序号 70: 成功下载 - https://xqimg.imedao.com/183eb5f055f1ace33f9007b6.jpg
2025-11-21 19:21:51,925 - INFO - 序号 75: 成功下载 - https://xqimg.imedao.com/183eb6025bb1af533fda9550.jpg
2025-11-21 19:21:52,213 - INFO - 序号 72: 成功下载 - https://xqimg.imedao.com/183eb5ff9a31aca73fda5d75.jpg
2025-11-21 19:21:52,722 - INFO - 序号 76: 成功下载 - https://xqimg.imedao.com/183eb60359c1afb83fe28780.jpg
2025-11-21 19:21:53,775 - INFO - 序号 77: 成功下载 - https://xqimg.imedao.com/183eb60459c1af813fddd658.jpg
2025-11-21 19:21:55,460 - INFO - 序号 79: 成功下载 - https://xqimg.imedao.com/183eb6062e81acec3fe83735.jpg
2025-11-21 19:21:55,766 - INFO - 序号 81: 成功下载 - https://xqimg.imedao.com/183eb6080fb1acee3fea580d.jpg
2025-11-21 19:21:55,769 - INFO - 序号 78: 成功下载 - https://xqimg.imedao.com/183eb60532b1af823feca949.jpg
2025-11-21 19:21:56,107 - INFO - 序号 80: 成功下载 - https://xqimg.imedao.com/183eb6072581aced3fe61485.jpg
2025-11-21 19:21:56,413 - INFO - 序号 82: 成功下载 - https://xqimg.imedao.com/183eb6090801af1a3fdfd09c.jpg
2025-11-21 19:21:57,341 - INFO - 序号 84: 成功下载 - https://xqimg.imedao.com/183eb60c2c31acb93fd0bb03.jpg
2025-11-21 19:21:59,545 - INFO - 序号 85: 成功下载 - https://xqimg.imedao.com/183eb60d16e1af1e3fe0760c.jpg
2025-11-21 19:21:59,912 - INFO - 序号 86: 成功下载 - https://xqimg.imedao.com/183eb60e3111acae3fedfca0.jpg
2025-11-21 19:21:59,954 - INFO - 序号 83: 成功下载 - https://xqimg.imedao.com/183eb609e9a1b1843fcc8601.jpg
2025-11-21 19:22:00,299 - INFO - 序号 87: 成功下载 - https://xqimg.imedao.com/183eb60f3d51af873fd2b7bb.jpg
2025-11-21 19:22:00,792 - INFO - 序号 88: 成功下载 - https://xqimg.imedao.com/183eb61092d1afba3fbbdadf.jpg
2025-11-21 19:22:02,450 - INFO - 序号 91: 成功下载 - https://xqimg.imedao.com/183eb6231a41acc63fd82d9d.jpg
2025-11-21 19:22:03,551 - INFO - 序号 89: 成功下载 - https://xqimg.imedao.com/183eb61189d1af5a3feee00a.jpg
2025-11-21 19:22:04,336 - INFO - 序号 90: 成功下载 - https://xqimg.imedao.com/183eb612df71ae2f3fe5c0b2.jpg
2025-11-21 19:22:04,803 - INFO - 序号 92: 成功下载 - https://xqimg.imedao.com/183eb6243611ac953fe17fa7.jpg
2025-11-21 19:22:05,125 - INFO - 序号 93: 成功下载 - https://xqimg.imedao.com/183eb627e431ac983fed8662.jpg
2025-11-21 19:22:11,438 - INFO - 序号 96: 成功下载 - https://xqimg.imedao.com/18ca5a5ac6a623933fdd5a0d.jpg
2025-11-21 19:22:11,438 - INFO - 序号 98: 成功下载 - https://xqimg.imedao.com/18ca5a62832623963fce5a61.jpg
2025-11-21 19:22:11,590 - INFO - 序号 95: 成功下载 - https://xqimg.imedao.com/183f99020071f5353fe1815a.jpg
2025-11-21 19:22:12,345 - INFO - 序号 97: 成功下载 - https://xqimg.imedao.com/18ca5a5d005623953fef3fad.jpg
2025-11-21 19:22:13,004 - INFO - 序号 94: 成功下载 - https://xqimg.imedao.com/183f99150371f4a13fe8673e.jpg
2025-11-21 19:22:14,537 - INFO - 序号 100: 成功下载 - https://xqimg.imedao.com/18ca5a66ae3623973fcdeb1b.jpg
2025-11-21 19:22:16,478 - INFO - 序号 101: 成功下载 - https://xqimg.imedao.com/18ca5a68dac7c5183fe47d0d.jpg
2025-11-21 19:22:17,447 - INFO - 序号 103: 成功下载 - https://xqimg.imedao.com/18ca5a794957c5323fe8fa75.jpg
2025-11-21 19:22:18,009 - INFO - 序号 102: 成功下载 - https://xqimg.imedao.com/18ca5a73b0f5635d3fc6a939.jpg
2025-11-21 19:22:18,390 - INFO - 序号 99: 成功下载 - https://xqimg.imedao.com/18ca5a6496e7c5143feee5d4.jpg
2025-11-21 19:22:19,443 - INFO - 序号 105: 成功下载 - https://xqimg.imedao.com/18ca5a7e180530113fcbe2fa.jpg
2025-11-21 19:22:19,546 - INFO - 序号 104: 成功下载 - https://xqimg.imedao.com/18ca5a7ac0550bbe3fdf8e83.jpg
2025-11-21 19:22:20,828 - INFO - 序号 106: 成功下载 - https://xqimg.imedao.com/18ca5a7f4de7c53e3fe6e269.jpg
2025-11-21 19:22:23,371 - INFO - 序号 107: 成功下载 - https://xqimg.imedao.com/18ca5aeff6e5ac893feeaf98.jpg
2025-11-21 19:22:23,748 - INFO - 序号 108: 成功下载 - https://xqimg.imedao.com/18ca5ac81fa7c57c3fef6ca6.jpg
2025-11-21 19:22:23,868 - INFO - 序号 109: 成功下载 - https://xqimg.imedao.com/18ca5ac99e95ac6e3f838638.jpg
2025-11-21 19:22:23,969 - INFO - 序号 110: 成功下载 - https://xqimg.imedao.com/18ca5acc27c7c5833fe2c5c8.jpg
2025-11-21 19:22:24,762 - INFO - 序号 111: 成功下载 - https://xqimg.imedao.com/18ca5aceef35ac713fd67e85.jpg
2025-11-21 19:22:25,811 - INFO - 序号 112: 成功下载 - https://xqimg.imedao.com/18ca5ad3af25302e3fefc3fa.jpg
2025-11-21 19:22:28,434 - INFO - 序号 115: 成功下载 - https://xqimg.imedao.com/1841de361fb2aab13fdcbfbc.jpg
2025-11-21 19:22:28,482 - INFO - 序号 113: 成功下载 - https://xqimg.imedao.com/18ca5ad4b9e7c5923feee79d.jpg
2025-11-21 19:22:29,293 - INFO - 序号 114: 成功下载 - https://xqimg.imedao.com/18ca5ad644f5ac7a3fef0c37.jpg
2025-11-21 19:22:29,973 - INFO - 序号 117: 成功下载 - https://xqimg.imedao.com/1841de3a2e72a9663fd0b2d2.jpg
2025-11-21 19:22:30,189 - INFO - 序号 116: 成功下载 - https://xqimg.imedao.com/1841de3933c2a9653fe47fbf.jpg
2025-11-21 19:22:32,454 - INFO - 序号 118: 成功下载 - https://xqimg.imedao.com/1841de3d75c2acef3febaa90.jpg
2025-11-21 19:22:33,472 - INFO - 序号 119: 成功下载 - https://xqimg.imedao.com/1841de3f3742ad5b3fcf6952.jpg
2025-11-21 19:22:34,337 - INFO - 序号 120: 成功下载 - https://xqimg.imedao.com/1841de41a2b2b0973fe7471a.jpg
2025-11-21 19:22:34,624 - INFO - 序号 121: 成功下载 - https://xqimg.imedao.com/1841de451992a92e3feb3f48.jpg
2025-11-21 19:22:35,422 - INFO - 序号 123: 成功下载 - https://xqimg.imedao.com/1841de49fa62aab93fe1cc5b.jpg
2025-11-21 19:22:36,358 - INFO - 序号 124: 成功下载 - https://xqimg.imedao.com/1841de4c0c12acfb3fedff74.jpg
2025-11-21 19:22:37,802 - INFO - 序号 125: 成功下载 - https://xqimg.imedao.com/1841de4d5552a8e93fea4096.jpg
2025-11-21 19:22:39,104 - INFO - 序号 126: 成功下载 - https://xqimg.imedao.com/1841de4fa512aedf3fd4071f.jpg
2025-11-21 19:22:39,176 - INFO - 序号 127: 成功下载 - https://xqimg.imedao.com/1841de50f5c2ad023fdea2f5.jpg
2025-11-21 19:22:39,902 - INFO - 序号 128: 成功下载 - https://xqimg.imedao.com/1841de53cee2a8f23fe9b393.jpg
2025-11-21 19:22:41,057 - INFO - 序号 129: 成功下载 - https://xqimg.imedao.com/1841de54d752aa443fcd8884.jpg
2025-11-21 19:22:43,112 - INFO - 序号 122: 成功下载 - https://xqimg.imedao.com/1841de47eab2acf73fbe0b0a.jpg
2025-11-21 19:22:43,541 - INFO - 序号 131: 成功下载 - https://xqimg.imedao.com/1841de577952a8f63fe558cc.jpg
2025-11-21 19:22:44,952 - INFO - 序号 130: 成功下载 - https://xqimg.imedao.com/1841de568b72b0ad3fbec549.jpg
2025-11-21 19:22:45,972 - INFO - 序号 133: 成功下载 - https://xqimg.imedao.com/1841de5b5a72aee73fce0b62.jpg
2025-11-21 19:22:47,181 - INFO - 序号 132: 成功下载 - https://xqimg.imedao.com/1841de5a7832ad753fe16197.jpg
2025-11-21 19:22:47,236 - INFO - 序号 135: 成功下载 - https://xqimg.imedao.com/1841de5f9ce2ad143fbf43e9.jpg
2025-11-21 19:22:47,621 - INFO - 序号 134: 成功下载 - https://xqimg.imedao.com/1841de5dd922b0b43fecfb91.jpg
2025-11-21 19:22:47,956 - INFO - 序号 136: 成功下载 - https://xqimg.imedao.com/1841de6196d2b0b93fef5acf.jpg
2025-11-21 19:22:48,731 - INFO - 序号 137: 成功下载 - https://xqimg.imedao.com/1841de629202a9783fc3f145.jpg
2025-11-21 19:22:50,486 - INFO - 序号 138: 成功下载 - https://xqimg.imedao.com/1843bf9191433eb73fa8d1b1.jpg
2025-11-21 19:22:51,523 - INFO - 序号 140: 成功下载 - https://xqimg.imedao.com/1843bf6bcfb33dbf3fe4739c.jpg
2025-11-21 19:22:51,977 - INFO - 序号 141: 成功下载 - https://xqimg.imedao.com/1843bf6c606338543fc29164.jpg
2025-11-21 19:22:52,153 - INFO - 序号 142: 成功下载 - https://xqimg.imedao.com/1843bf6cdc7338553fccb92b.jpg
2025-11-21 19:22:52,591 - INFO - 序号 139: 成功下载 - https://xqimg.imedao.com/1843bf6b2f333b203fef4230.jpg
2025-11-21 19:22:52,928 - INFO - 序号 143: 成功下载 - https://xqimg.imedao.com/1843bf6d82c3390a3fe5a0a4.jpg
2025-11-21 19:22:53,927 - INFO - 序号 145: 成功下载 - https://xqimg.imedao.com/1843bf6ed1a336d83fe4ca43.jpg
2025-11-21 19:22:55,193 - INFO - 序号 146: 成功下载 - https://xqimg.imedao.com/1843bf6faea33ea43fcacc88.jpg
2025-11-21 19:22:55,920 - INFO - 序号 144: 成功下载 - https://xqimg.imedao.com/1843bf6e2c733ea33fb0b009.jpg
2025-11-21 19:22:56,115 - INFO - 序号 147: 成功下载 - https://xqimg.imedao.com/1843bf70687338563fd72523.jpg
2025-11-21 19:22:57,256 - INFO - 序号 149: 成功下载 - https://xqimg.imedao.com/1843bf77d2433b243fee916f.jpg
2025-11-21 19:22:57,303 - INFO - 序号 148: 成功下载 - https://xqimg.imedao.com/1843bf7708333b5c3fd4a82e.jpg
2025-11-21 19:22:57,746 - INFO - 序号 150: 成功下载 - https://xqimg.imedao.com/1843bf7889533ea83fed0134.jpg
2025-11-21 19:22:58,999 - INFO - 序号 152: 成功下载 - https://xqimg.imedao.com/1843bf7a6fe33b5e3fde726c.jpg
2025-11-21 19:22:59,015 - INFO - 序号 151: 成功下载 - https://xqimg.imedao.com/1843bf7960b3390d3fd99fa1.jpg
2025-11-21 19:23:00,616 - INFO - 序号 153: 成功下载 - https://xqimg.imedao.com/1843bf7b67d33b263fed18d5.jpg
2025-11-21 19:23:01,339 - INFO - 序号 154: 成功下载 - https://xqimg.imedao.com/1843bf7c62a338b23fe64537.jpg
2025-11-21 19:23:02,189 - INFO - 序号 155: 成功下载 - https://xqimg.imedao.com/1843bf7d38f338b43fd848bf.jpg
2025-11-21 19:23:02,566 - INFO - 序号 157: 成功下载 - https://xqimg.imedao.com/1843bf7f86733b663fe0ceaf.jpg
2025-11-21 19:23:03,203 - INFO - 序号 158: 成功下载 - https://xqimg.imedao.com/1843bf8097233b683fe6af51.jpg
2025-11-21 19:23:03,305 - INFO - 序号 156: 成功下载 - https://xqimg.imedao.com/1843bf7e81f339103fe48e78.jpg
2025-11-21 19:23:05,610 - INFO - 序号 159: 成功下载 - https://xqimg.imedao.com/1843bf81aa933b6a3fd5945b.jpg
2025-11-21 19:23:06,166 - INFO - 序号 160: 成功下载 - https://xqimg.imedao.com/1843bf82c2a33b6c3fe7477a.jpg
2025-11-21 19:23:06,375 - INFO - 序号 162: 成功下载 - https://xqimg.imedao.com/1843bf8473f339153fe8f27f.jpg
2025-11-21 19:23:07,907 - INFO - 序号 161: 成功下载 - https://xqimg.imedao.com/1843bf83a2333b2a3fb9f2d2.jpg
2025-11-21 19:23:08,582 - INFO - 序号 163: 成功下载 - https://xqimg.imedao.com/1845504b71c3ae493fe256be.jpg
2025-11-21 19:23:09,366 - INFO - 序号 166: 成功下载 - https://xqimg.imedao.com/1847544fded44ad83fe14c3e.jpg
2025-11-21 19:23:13,619 - INFO - 序号 167: 成功下载 - https://xqimg.imedao.com/1847547503644ef83fe3c2b7.jpg
2025-11-21 19:23:14,462 - INFO - 序号 169: 成功下载 - https://xqimg.imedao.com/184754bf515456de3fec781a.jpg
2025-11-21 19:23:14,559 - INFO - 序号 168: 成功下载 - https://xqimg.imedao.com/18475476494452ea3fdff106.jpg
2025-11-21 19:23:14,721 - INFO - 序号 165: 成功下载 - https://xqimg.imedao.com/184550531f53b2263fccfb0e.jpg
2025-11-21 19:23:14,982 - INFO - 序号 164: 成功下载 - https://xqimg.imedao.com/184550503513b2bf3fef3f04.jpg
2025-11-21 19:23:16,204 - INFO - 序号 170: 成功下载 - https://xqimg.imedao.com/18475477aa944efb3fe41d2b.jpg
2025-11-21 19:23:17,944 - INFO - 序号 171: 成功下载 - https://xqimg.imedao.com/184754786f7452233fc461e3.jpg
2025-11-21 19:23:18,020 - INFO - 序号 172: 成功下载 - https://xqimg.imedao.com/184754c230944b9f3fe9e21b.jpg
2025-11-21 19:23:19,427 - INFO - 序号 173: 成功下载 - https://xqimg.imedao.com/1847547a0d0456c53fc14082.jpg
2025-11-21 19:23:20,067 - INFO - 序号 175: 成功下载 - https://xqimg.imedao.com/184754c50f844f1d3faa31a2.jpg
2025-11-21 19:23:20,291 - INFO - 序号 174: 成功下载 - https://xqimg.imedao.com/1847547b186456c63fc27c45.jpg
2025-11-21 19:23:21,329 - INFO - 序号 176: 成功下载 - https://xqimg.imedao.com/1847547cf08448cb3fd0f43c.jpg
2025-11-21 19:23:22,054 - INFO - 序号 177: 成功下载 - https://xqimg.imedao.com/1847547d9c944ae83fee5778.jpg
2025-11-21 19:23:23,696 - INFO - 序号 180: 成功下载 - https://xqimg.imedao.com/1847548131044efe3fcf91ea.jpg
2025-11-21 19:23:24,919 - INFO - 序号 179: 成功下载 - https://xqimg.imedao.com/1847547fe79452ee3fe1cfb5.jpg
2025-11-21 19:23:24,954 - INFO - 序号 178: 成功下载 - https://xqimg.imedao.com/184754c7f8f44f223fe3dab1.jpg
2025-11-21 19:23:25,534 - INFO - 序号 182: 成功下载 - https://xqimg.imedao.com/1847548301f44a183fecdc7c.jpg
2025-11-21 19:23:26,789 - INFO - 序号 181: 成功下载 - https://xqimg.imedao.com/184754b2a7744fbf3fc834ee.jpg
2025-11-21 19:23:27,658 - INFO - 序号 183: 成功下载 - https://xqimg.imedao.com/18475483d68448ce3fd2cb26.jpg
2025-11-21 19:23:28,620 - INFO - 序号 186: 成功下载 - https://xqimg.imedao.com/1847548650844bb43fe0a3b0.jpg
2025-11-21 19:23:28,899 - INFO - 序号 184: 成功下载 - https://xqimg.imedao.com/184754cc28e4524c3feaeac6.jpg
2025-11-21 19:23:29,482 - INFO - 序号 185: 成功下载 - https://xqimg.imedao.com/18475486289452f03fe85eb2.jpg
2025-11-21 19:23:29,878 - INFO - 序号 187: 成功下载 - https://xqimg.imedao.com/184754ac342452333fe9511d.jpg
2025-11-21 19:23:31,733 - INFO - 序号 188: 成功下载 - https://xqimg.imedao.com/184754d98d2456f63f765c4c.jpg
2025-11-21 19:23:33,886 - INFO - 序号 191: 成功下载 - https://xqimg.imedao.com/1849cf0610651f163feb8dc9.jpeg
2025-11-21 19:23:35,401 - INFO - 序号 193: 成功下载 - https://xqimg.imedao.com/1849cf09b2051d223fd5e16b.jpg
2025-11-21 19:23:36,017 - INFO - 序号 190: 成功下载 - https://xqimg.imedao.com/184754dbde644bb43feebe6a.jpg
2025-11-21 19:23:36,484 - INFO - 序号 192: 成功下载 - https://xqimg.imedao.com/1849cf0869151ef53fb5d9bc.jpg
2025-11-21 19:23:36,767 - INFO - 序号 194: 成功下载 - https://xqimg.imedao.com/1849cf0b1cc51d233fdd20ea.jpg
2025-11-21 19:23:38,801 - INFO - 序号 189: 成功下载 - https://xqimg.imedao.com/184754daa7844f343fde6d75.jpg
2025-11-21 19:23:39,832 - INFO - 序号 195: 成功下载 - https://xqimg.imedao.com/1849cf0cbc0523d43fb29cfd.jpg
2025-11-21 19:23:40,680 - INFO - 序号 197: 成功下载 - https://xqimg.imedao.com/1849cf0f9e552bf13fe94b96.jpg
2025-11-21 19:23:40,730 - INFO - 序号 196: 成功下载 - https://xqimg.imedao.com/1849cf0e413526df3fecf79d.jpg
2025-11-21 19:23:40,889 - INFO - 序号 198: 成功下载 - https://xqimg.imedao.com/1849cf1127a526e03fd1fb13.jpg
2025-11-21 19:23:42,009 - INFO - 序号 199: 成功下载 - https://xqimg.imedao.com/1849cf12b69524443feaf3d0.jpg
2025-11-21 19:23:42,412 - INFO - 序号 200: 成功下载 - https://xqimg.imedao.com/1849cf140da51e9a3fdec134.jpg
2025-11-21 19:23:43,716 - INFO - 序号 202: 成功下载 - https://xqimg.imedao.com/1849cf170b151efc3fecff0e.jpg
2025-11-21 19:23:44,764 - INFO - 序号 203: 成功下载 - https://xqimg.imedao.com/1849cf18c9851d263fe8b3f4.jpg
2025-11-21 19:23:45,192 - INFO - 序号 201: 成功下载 - https://xqimg.imedao.com/1849cf1573b526e23fd5765d.jpg
2025-11-21 19:23:46,450 - INFO - 序号 206: 成功下载 - https://xqimg.imedao.com/1849cf1d69f51f1f3fe97a31.jpg
2025-11-21 19:23:47,426 - INFO - 序号 204: 成功下载 - https://xqimg.imedao.com/1849cf1a72e51e9c3fe6837f.jpg
2025-11-21 19:23:47,593 - INFO - 序号 205: 成功下载 - https://xqimg.imedao.com/1849cf1bf65524453fd12912.jpg
2025-11-21 19:23:48,576 - INFO - 序号 208: 成功下载 - https://xqimg.imedao.com/1849cf2065e523da3fe83c2c.jpg
2025-11-21 19:23:49,077 - INFO - 序号 209: 成功下载 - https://xqimg.imedao.com/1849cf21a1652bf83feb9b96.jpg
2025-11-21 19:23:49,699 - INFO - 序号 207: 成功下载 - https://xqimg.imedao.com/1849cf1ed6651fbf3fd83906.jpg
2025-11-21 19:23:50,153 - INFO - 序号 211: 成功下载 - https://xqimg.imedao.com/1849cf25c955283e3fd51535.jpg
2025-11-21 19:23:51,137 - INFO - 序号 210: 成功下载 - https://xqimg.imedao.com/1849cf23f1552bfb3fe0fa34.jpg
2025-11-21 19:23:52,156 - INFO - 序号 213: 成功下载 - https://xqimg.imedao.com/1849d1263f351fcb3fe286c0.jpg
2025-11-21 19:23:52,849 - INFO - 序号 212: 成功下载 - https://xqimg.imedao.com/1849cf26e3e526e73fdd52ae.jpg
2025-11-21 19:23:53,258 - INFO - 序号 215: 成功下载 - https://xqimg.imedao.com/184c0f0828213603fe7e2236.jpg
2025-11-21 19:23:54,070 - INFO - 序号 214: 成功下载 - https://xqimg.imedao.com/184c0f043f213173fe402ec7.jpeg
2025-11-21 19:23:54,753 - INFO - 序号 216: 成功下载 - https://xqimg.imedao.com/184c0f0b08613273fe91444e.jpg
2025-11-21 19:23:56,207 - INFO - 序号 217: 成功下载 - https://xqimg.imedao.com/184c0f178fb13903fd48676b.jpg
2025-11-21 19:23:59,075 - INFO - 序号 218: 成功下载 - https://xqimg.imedao.com/184c0f1939713a83fd82f1a4.jpg
2025-11-21 19:24:00,086 - INFO - 序号 220: 成功下载 - https://xqimg.imedao.com/184c0f1dae1136b3fd9e2a68.jpg
2025-11-21 19:24:00,529 - INFO - 序号 219: 成功下载 - https://xqimg.imedao.com/184c0f1acf0131c3fcad635a.jpg
2025-11-21 19:24:00,939 - INFO - 序号 221: 成功下载 - https://xqimg.imedao.com/184c0f1ec5613953fea323d2.jpg
2025-11-21 19:24:02,292 - INFO - 序号 222: 成功下载 - https://xqimg.imedao.com/184c0f20306126f3fead29cb.jpg
2025-11-21 19:24:02,489 - INFO - 序号 223: 成功下载 - https://xqimg.imedao.com/184c0f20a5812d23fedc1209.jpg
2025-11-21 19:24:04,843 - INFO - 序号 225: 成功下载 - https://xqimg.imedao.com/184c0f2398012d43fe30b70e.jpg
2025-11-21 19:24:06,703 - INFO - 序号 226: 成功下载 - https://xqimg.imedao.com/184c0f24fa213ac3fe67a17c.jpg
2025-11-21 19:24:08,004 - INFO - 序号 224: 成功下载 - https://xqimg.imedao.com/184c0f22b1813713fe60f44a.jpg
2025-11-21 19:24:08,707 - INFO - 序号 228: 成功下载 - https://xqimg.imedao.com/184c0f291d713233fc368555.jpg
2025-11-21 19:24:09,100 - INFO - 序号 229: 成功下载 - https://xqimg.imedao.com/184c0f2a3f813243fe68ebf7.jpg
2025-11-21 19:24:10,341 - INFO - 序号 230: 成功下载 - https://xqimg.imedao.com/184c0f2d7f813783fe6c22a2.jpg
2025-11-21 19:24:10,887 - INFO - 序号 227: 成功下载 - https://xqimg.imedao.com/184c0f26a7413733fd4bd6be.jpg
2025-11-21 19:24:12,302 - INFO - 序号 231: 成功下载 - https://xqimg.imedao.com/184c0f2e53212bc3fd238cba.jpg
2025-11-21 19:24:13,023 - INFO - 序号 232: 成功下载 - https://xqimg.imedao.com/184c0f8fdad13973fc596929.jpg
2025-11-21 19:24:14,864 - INFO - 序号 235: 成功下载 - https://xqimg.imedao.com/184c0f318b013b23fc02d68b.jpg
2025-11-21 19:24:15,679 - INFO - 序号 234: 成功下载 - https://xqimg.imedao.com/184c0f3069d13273fdbc9d98.jpg
2025-11-21 19:24:16,453 - INFO - 序号 233: 成功下载 - https://xqimg.imedao.com/184c0f2fc97139b3fb34d5ac.jpg
2025-11-21 19:24:17,620 - INFO - 序号 236: 成功下载 - https://xqimg.imedao.com/184e26deff592b83fcdc0e28.jpeg
2025-11-21 19:24:17,658 - INFO - 序号 237: 成功下载 - https://xqimg.imedao.com/184e26e085c93713fe26e654.jpg
2025-11-21 19:24:19,332 - INFO - 序号 238: 成功下载 - https://xqimg.imedao.com/184e26e216c93383fc26e45f.jpg
2025-11-21 19:24:19,628 - INFO - 序号 239: 成功下载 - https://xqimg.imedao.com/184e26e373392fd3fde26074.jpg
2025-11-21 19:24:20,411 - INFO - 序号 240: 成功下载 - https://xqimg.imedao.com/184e26e5aac94293fde768bc.jpg
2025-11-21 19:24:20,916 - INFO - 序号 241: 成功下载 - https://xqimg.imedao.com/184e26e614f94d13fcfe5964.jpg
2025-11-21 19:24:21,781 - INFO - 序号 242: 成功下载 - https://xqimg.imedao.com/184e26e772c93fd3fe60fa3a.jpg
2025-11-21 19:24:24,493 - INFO - 序号 245: 成功下载 - https://xqimg.imedao.com/184e26ebd5793763fccb6ebb.jpg
2025-11-21 19:24:24,607 - INFO - 序号 244: 成功下载 - https://xqimg.imedao.com/184e26ea43b93ba3fefdb745.jpg
2025-11-21 19:24:25,839 - INFO - 序号 246: 成功下载 - https://xqimg.imedao.com/184e26eccb394003fedc4674.jpg
2025-11-21 19:24:25,979 - INFO - 序号 247: 成功下载 - https://xqimg.imedao.com/184e26ee21794dc3fef040b2.jpg
2025-11-21 19:24:26,465 - INFO - 序号 243: 成功下载 - https://xqimg.imedao.com/184e26e8b4893fe3fbf7c5c0.jpg
2025-11-21 19:24:27,734 - INFO - 序号 249: 成功下载 - https://xqimg.imedao.com/184e26f0bc093a23fe4c9bee.jpg
2025-11-21 19:24:27,978 - INFO - 序号 248: 成功下载 - https://xqimg.imedao.com/184e26ef7ad92c03fe9f0759.jpg
2025-11-21 19:24:29,180 - INFO - 序号 251: 成功下载 - https://xqimg.imedao.com/184e26f35c594043fe300381.jpg
2025-11-21 19:24:29,309 - INFO - 序号 250: 成功下载 - https://xqimg.imedao.com/184e26f20a2942e3fefbd28f.jpg
2025-11-21 19:24:30,538 - INFO - 序号 255: 成功下载 - https://xqimg.imedao.com/184e26f912d94e43fdb189bf.jpeg
2025-11-21 19:24:30,713 - INFO - 序号 252: 成功下载 - https://xqimg.imedao.com/184e26f499794313fea9603c.jpg
2025-11-21 19:24:31,034 - INFO - 序号 254: 成功下载 - https://xqimg.imedao.com/184e26f858692c43febd394c.jpg
2025-11-21 19:24:31,168 - INFO - 序号 256: 成功下载 - https://xqimg.imedao.com/184e26fa47193a63fd7895a7.jpeg
2025-11-21 19:24:31,904 - INFO - 序号 257: 成功下载 - https://xqimg.imedao.com/184e4e4c9ea98a83febca1b3.jpeg
2025-11-21 19:24:31,996 - INFO - 序号 253: 成功下载 - https://xqimg.imedao.com/184e26f6ecb93423fdd5b740.jpg
2025-11-21 19:24:33,396 - INFO - 序号 260: 成功下载 - https://xqimg.imedao.com/1850939a705130973fd1b7ba.jpg
2025-11-21 19:24:34,928 - INFO - 序号 261: 成功下载 - https://xqimg.imedao.com/1850939b537132773fe289bc.jpg
2025-11-21 19:24:35,887 - INFO - 序号 259: 成功下载 - https://xqimg.imedao.com/18509398c191324d3feb0efc.jpg
2025-11-21 19:24:35,958 - INFO - 序号 262: 成功下载 - https://xqimg.imedao.com/1850939cb0312fab3fe1a3d4.jpg
2025-11-21 19:24:36,869 - INFO - 序号 263: 成功下载 - https://xqimg.imedao.com/1850939df3d130843fe06111.jpg
2025-11-21 19:24:38,398 - INFO - 序号 265: 成功下载 - https://xqimg.imedao.com/185093a25f0133ef3fecca4c.jpg
2025-11-21 19:24:40,241 - INFO - 序号 266: 成功下载 - https://xqimg.imedao.com/185093a40c91309a3fe6b3d1.jpg
2025-11-21 19:24:40,571 - INFO - 序号 264: 成功下载 - https://xqimg.imedao.com/185093a0771134783fe7d650.jpg
2025-11-21 19:24:40,956 - INFO - 序号 258: 成功下载 - https://xqimg.imedao.com/18538ac25f523d3a3fb4a860.jpg
2025-11-21 19:24:43,168 - INFO - 序号 268: 成功下载 - https://xqimg.imedao.com/185093bfe36131903fc44f2d.jpg
2025-11-21 19:24:43,227 - INFO - 序号 267: 成功下载 - https://xqimg.imedao.com/185093bea74132953fd8cb5e.jpg
2025-11-21 19:24:44,273 - INFO - 序号 270: 成功下载 - https://xqimg.imedao.com/185093c21441326c3fe233e6.jpg
2025-11-21 19:24:46,313 - INFO - 序号 269: 成功下载 - https://xqimg.imedao.com/185093c0efe12fc63fec136e.jpg
2025-11-21 19:24:47,815 - INFO - 序号 271: 成功下载 - https://xqimg.imedao.com/185093c343b134093fd79620.jpg
2025-11-21 19:24:48,055 - INFO - 序号 273: 成功下载 - https://xqimg.imedao.com/185093c56c1134953fd7fea6.jpg
2025-11-21 19:24:49,164 - INFO - 序号 272: 成功下载 - https://xqimg.imedao.com/185093c456b1340a3feffe03.jpg
2025-11-21 19:24:49,609 - INFO - 序号 274: 成功下载 - https://xqimg.imedao.com/185093c6ba812fc83fb9189e.jpg
2025-11-21 19:24:49,639 - INFO - 序号 275: 成功下载 - https://xqimg.imedao.com/185093c7f97132973fd4ab05.jpg
2025-11-21 19:24:51,488 - INFO - 序号 277: 成功下载 - https://xqimg.imedao.com/18509420575134313fe35f54.jpg
2025-11-21 19:24:56,848 - INFO - 序号 279: 成功下载 - https://xqimg.imedao.com/1850942a04a12fed3fd6c051.jpg
2025-11-21 19:24:57,033 - INFO - 序号 276: 成功下载 - https://xqimg.imedao.com/185093ca288132473fa2e835.jpg
2025-11-21 19:24:57,763 - INFO - 序号 281: 成功下载 - https://xqimg.imedao.com/1853cc47c7c24f5a3fd53f79.jpg
2025-11-21 19:24:58,097 - INFO - 序号 280: 成功下载 - https://xqimg.imedao.com/1853cc41cf32523e3fe6ed9b.jpg
2025-11-21 19:24:58,271 - INFO - 序号 278: 成功下载 - https://xqimg.imedao.com/18509421df9130ce3fdeccba.jpg
2025-11-21 19:24:59,632 - INFO - 序号 282: 成功下载 - https://xqimg.imedao.com/1853cc48cbb24da83feef416.jpg
2025-11-21 19:24:59,946 - INFO - 序号 283: 成功下载 - https://xqimg.imedao.com/1853cc4e582250023fc5b556.jpg
2025-11-21 19:25:01,789 - INFO - 序号 284: 成功下载 - https://xqimg.imedao.com/1853cc4b651251e73fd87eee.jpg
2025-11-21 19:25:01,994 - INFO - 序号 286: 成功下载 - https://xqimg.imedao.com/1853cc5bc7f24ea53fc32742.jpg
2025-11-21 19:25:02,578 - INFO - 序号 285: 成功下载 - https://xqimg.imedao.com/1853cc5712324be73fe11246.jpg
2025-11-21 19:25:03,668 - INFO - 序号 287: 成功下载 - https://xqimg.imedao.com/1853cc5eb2924beb3fe07e7d.jpg
2025-11-21 19:25:04,534 - INFO - 序号 288: 成功下载 - https://xqimg.imedao.com/1853cc6317f250ee3fee5962.jpg
2025-11-21 19:25:05,636 - INFO - 序号 289: 成功下载 - https://xqimg.imedao.com/1853cc6ccbb2524d3fe3d2b5.jpg
2025-11-21 19:25:06,189 - INFO - 序号 290: 成功下载 - https://xqimg.imedao.com/1853cc6dfe924ba53fefe34e.jpg
2025-11-21 19:25:06,194 - INFO - 序号 291: 成功下载 - https://xqimg.imedao.com/1853cc70359250653fe1861b.jpg
2025-11-21 19:25:07,770 - INFO - 序号 292: 成功下载 - https://xqimg.imedao.com/1853cc7443524db33fde8115.jpg
2025-11-21 19:25:08,634 - INFO - 序号 293: 成功下载 - https://xqimg.imedao.com/1853cc777e724bef3fe1cc83.jpg
2025-11-21 19:25:09,036 - INFO - 序号 294: 成功下载 - https://xqimg.imedao.com/1853cc78b3124bf03fe9e6a3.jpg
2025-11-21 19:25:10,671 - INFO - 序号 295: 成功下载 - https://xqimg.imedao.com/1853cc7c6fe2506a3fd617da.jpg
2025-11-21 19:25:11,069 - INFO - 序号 297: 成功下载 - https://xqimg.imedao.com/1853cc8b56b24db93fe01e81.jpg
2025-11-21 19:25:11,793 - INFO - 序号 296: 成功下载 - https://xqimg.imedao.com/1853cc85a48250163fee55f9.jpg
2025-11-21 19:25:12,122 - INFO - 序号 298: 成功下载 - https://xqimg.imedao.com/1853cc8e99e2525d3fe5ba70.jpg
2025-11-21 19:25:15,505 - INFO - 序号 299: 成功下载 - https://xqimg.imedao.com/189876cb8cc87cb93fdd2b90.jpg
2025-11-21 19:25:17,904 - INFO - 序号 301: 成功下载 - https://xqimg.imedao.com/189876d25ee7a1a93fdf30eb.jpg
2025-11-21 19:25:20,197 - INFO - 序号 300: 成功下载 - https://xqimg.imedao.com/189876cdb0d87cbb3fcd53e3.jpg
2025-11-21 19:25:20,542 - INFO - 序号 304: 成功下载 - https://xqimg.imedao.com/185515331a225ef93fbee865.jpg
2025-11-21 19:25:21,068 - INFO - 序号 303: 成功下载 - https://xqimg.imedao.com/185515330652e8c23fe8c7b5.jpg
2025-11-21 19:25:23,026 - INFO - 序号 305: 成功下载 - https://xqimg.imedao.com/185515331e52e8c33fbaa70f.jpg
2025-11-21 19:25:24,053 - INFO - 序号 302: 成功下载 - https://xqimg.imedao.com/185516adee228e513fe15cd4.jpg
2025-11-21 19:25:25,471 - INFO - 序号 306: 成功下载 - https://xqimg.imedao.com/1855153327625efa3fd925fe.jpg
2025-11-21 19:25:26,510 - INFO - 序号 308: 成功下载 - https://xqimg.imedao.com/185515336952e8c53fefb2bb.jpg
2025-11-21 19:25:27,250 - INFO - 序号 309: 成功下载 - https://xqimg.imedao.com/185515339b525efb3fc3b06e.jpg
2025-11-21 19:25:27,411 - INFO - 序号 307: 成功下载 - https://xqimg.imedao.com/1855153352d2e8c43fea7571.jpg
2025-11-21 19:25:29,851 - INFO - 序号 310: 成功下载 - https://xqimg.imedao.com/18551533b492e8c63fce6c84.jpg
2025-11-21 19:25:30,126 - INFO - 序号 311: 成功下载 - https://xqimg.imedao.com/1855153477f25efe3fe959be.jpg
2025-11-21 19:25:30,453 - INFO - 序号 312: 成功下载 - https://xqimg.imedao.com/18551533fff25efc3feb66e7.jpg
2025-11-21 19:25:31,666 - INFO - 序号 313: 成功下载 - https://xqimg.imedao.com/1855153471625efd3feca6ee.jpg
2025-11-21 19:25:32,090 - INFO - 序号 314: 成功下载 - https://xqimg.imedao.com/185515349092e8c83f87d0e9.jpg
2025-11-21 19:25:33,633 - INFO - 序号 315: 成功下载 - https://xqimg.imedao.com/185515346942e8c73f88c839.jpg
2025-11-21 19:25:33,794 - INFO - 序号 316: 成功下载 - https://xqimg.imedao.com/18551534b502e8c93fc95b82.jpg
2025-11-21 19:25:36,484 - INFO - 序号 317: 成功下载 - https://xqimg.imedao.com/18551534ff925eff3fe30cd9.jpg
2025-11-21 19:25:37,351 - INFO - 序号 318: 成功下载 - https://xqimg.imedao.com/185515352592e8ca3fd51cf8.jpg
2025-11-21 19:25:39,231 - INFO - 序号 319: 成功下载 - https://xqimg.imedao.com/1855153577725f013fd9a70b.jpg
2025-11-21 19:25:39,532 - INFO - 序号 320: 成功下载 - https://xqimg.imedao.com/185515353a025f003fdfe1ad.jpg
2025-11-21 19:25:40,050 - INFO - 序号 321: 成功下载 - https://xqimg.imedao.com/18551535c242e8cb3fb44d01.jpg
2025-11-21 19:25:43,948 - INFO - 序号 322: 成功下载 - https://xqimg.imedao.com/18551535d152e8cd3fef1dbe.jpg
2025-11-21 19:25:45,590 - INFO - 序号 326: 成功下载 - https://xqimg.imedao.com/185755e8e6936cea3fd59bf4.jpg
2025-11-21 19:25:46,302 - INFO - 序号 323: 成功下载 - https://xqimg.imedao.com/1855153601f25f023fdbfabf.jpg
2025-11-21 19:25:47,229 - INFO - 序号 324: 成功下载 - https://xqimg.imedao.com/18551535d012e8cc3fec8fbc.jpg
2025-11-21 19:25:48,368 - INFO - 序号 327: 成功下载 - https://xqimg.imedao.com/185755e9e0236ced3fe4f5c6.jpg
2025-11-21 19:25:48,762 - INFO - 序号 329: 成功下载 - https://xqimg.imedao.com/185755e9c9e36cec3fed8464.jpg
2025-11-21 19:25:50,815 - INFO - 序号 328: 成功下载 - https://xqimg.imedao.com/185755e9c712e3cf3fc3f3b8.jpg
2025-11-21 19:25:54,528 - INFO - 序号 330: 成功下载 - https://xqimg.imedao.com/185755ea86636cf03fe7d72b.jpg
2025-11-21 19:25:57,131 - INFO - 序号 331: 成功下载 - https://xqimg.imedao.com/185755e9e972e3d03fe7e92c.jpg
2025-11-21 19:25:57,147 - INFO - 序号 332: 成功下载 - https://xqimg.imedao.com/185755e9be32e3ce3fe1c0a5.jpg
2025-11-21 19:25:57,839 - INFO - 序号 333: 成功下载 - https://xqimg.imedao.com/185755e9e5136cee3fd7daa0.jpg
2025-11-21 19:25:59,702 - INFO - 序号 334: 成功下载 - https://xqimg.imedao.com/185755e96dd36ceb3fe300ae.jpg
2025-11-21 19:26:00,672 - INFO - 序号 325: 成功下载 - https://xqimg.imedao.com/185755ebb2a2e3d53fc63dd2.jpg
2025-11-21 19:26:01,453 - INFO - 序号 335: 成功下载 - https://xqimg.imedao.com/185755ea6b336cef3fe11ce1.jpg
2025-11-21 19:26:03,841 - INFO - 序号 336: 成功下载 - https://xqimg.imedao.com/185755ea8142e3d13feda8bf.jpg
2025-11-21 19:26:04,178 - INFO - 序号 337: 成功下载 - https://xqimg.imedao.com/185755eac3a2e3d23fbf2835.jpg
2025-11-21 19:26:05,468 - INFO - 序号 339: 成功下载 - https://xqimg.imedao.com/185755eaf5c36cf13fc11109.jpg
2025-11-21 19:26:05,955 - INFO - 序号 338: 成功下载 - https://xqimg.imedao.com/185755eb0e336cf23fe16601.jpg
2025-11-21 19:26:06,360 - INFO - 序号 340: 成功下载 - https://xqimg.imedao.com/185755eb27a36cf33fda2fc2.jpg
2025-11-21 19:26:07,566 - INFO - 序号 341: 成功下载 - https://xqimg.imedao.com/185755eb6c62e3d43fdd56fb.jpg
2025-11-21 19:26:09,070 - INFO - 序号 342: 成功下载 - https://xqimg.imedao.com/185755eb8c136cf53fc2da15.jpg
2025-11-21 19:26:11,503 - INFO - 序号 343: 成功下载 - https://xqimg.imedao.com/185755ebc3a36cf63fcd96ac.jpg
2025-11-21 19:26:12,216 - INFO - 序号 344: 成功下载 - https://xqimg.imedao.com/185755ebc412e3d63fed3ee1.jpg
2025-11-21 19:26:12,217 - INFO - 序号 345: 成功下载 - https://xqimg.imedao.com/185755ec3d936cf73fe990ab.jpg
2025-11-21 19:26:15,707 - INFO - 序号 346: 成功下载 - https://xqimg.imedao.com/185755ec2882e3d73fe610c1.jpg
2025-11-21 19:26:17,019 - INFO - 序号 349: 成功下载 - https://xqimg.imedao.com/185996d960f3c9cf3f332ff1.png
2025-11-21 19:26:17,195 - INFO - 序号 350: 成功下载 - https://xqimg.imedao.com/185996ab03f40b453fd62638.jpg
2025-11-21 19:26:17,529 - INFO - 序号 348: 成功下载 - https://xqimg.imedao.com/185755ec7b72e3d93fe401a1.jpg
2025-11-21 19:26:17,599 - INFO - 序号 347: 成功下载 - https://xqimg.imedao.com/185755ec3532e3d83fc0e42e.jpg
2025-11-21 19:26:19,565 - INFO - 序号 351: 成功下载 - https://xqimg.imedao.com/185996a91a1383443fd9ef6b.jpg
2025-11-21 19:26:22,095 - INFO - 序号 355: 成功下载 - https://xqimg.imedao.com/185996a80f540b3d3fb6e968.jpg
2025-11-21 19:26:22,874 - INFO - 序号 353: 成功下载 - https://xqimg.imedao.com/185996a815e40b3e3feda559.jpg
2025-11-21 19:26:25,234 - INFO - 序号 354: 成功下载 - https://xqimg.imedao.com/185996a7d81383413fe09062.jpg
2025-11-21 19:26:25,416 - INFO - 序号 356: 成功下载 - https://xqimg.imedao.com/185996a8d09383433fe73b66.jpg
2025-11-21 19:26:26,915 - INFO - 序号 358: 成功下载 - https://xqimg.imedao.com/185996a7c5440b3c3fc43edf.jpg
2025-11-21 19:26:27,248 - INFO - 序号 352: 成功下载 - https://xqimg.imedao.com/185996a903f40b403fc22485.jpg
2025-11-21 19:26:30,200 - INFO - 序号 360: 成功下载 - https://xqimg.imedao.com/185996aad7a3834a3fe7324b.jpg
2025-11-21 19:26:30,246 - INFO - 序号 357: 成功下载 - https://xqimg.imedao.com/185996a840d383423fc2cd10.jpg
2025-11-21 19:26:30,303 - INFO - 序号 359: 成功下载 - https://xqimg.imedao.com/185996a868340b3f3fe10400.jpg
2025-11-21 19:26:31,629 - INFO - 序号 362: 成功下载 - https://xqimg.imedao.com/185996aa18940b423fb1c2c9.jpg
2025-11-21 19:26:32,597 - INFO - 序号 361: 成功下载 - https://xqimg.imedao.com/185996a9858383463fbf6e1a.jpg
2025-11-21 19:26:34,885 - INFO - 序号 364: 成功下载 - https://xqimg.imedao.com/185996aa422383483fd1c9ef.jpg
2025-11-21 19:26:35,956 - INFO - 序号 363: 成功下载 - https://xqimg.imedao.com/185996a9c5f40b413fed8f96.jpg
2025-11-21 19:26:36,509 - INFO - 序号 366: 成功下载 - https://xqimg.imedao.com/185996aafca3834b3fe765c0.jpg
2025-11-21 19:26:36,688 - INFO - 序号 365: 成功下载 - https://xqimg.imedao.com/185996aab8140b443fdc24b1.jpg
2025-11-21 19:26:38,071 - INFO - 序号 368: 成功下载 - https://xqimg.imedao.com/185996aa64740b433fe888fc.jpg
2025-11-21 19:26:38,084 - INFO - 序号 369: 成功下载 - https://xqimg.imedao.com/185996a96e8383453febbd06.jpg
2025-11-21 19:26:38,636 - INFO - 序号 370: 成功下载 - https://xqimg.imedao.com/185997778993c79a3fec2e52.png
2025-11-21 19:26:40,279 - INFO - 序号 371: 成功下载 - https://xqimg.imedao.com/185bd6f31fe41d5e3fe4d253.jpg
2025-11-21 19:26:42,894 - INFO - 序号 374: 成功下载 - https://xqimg.imedao.com/185c7c0b43f4f52a3feddd48.jpg
2025-11-21 19:26:43,279 - INFO - 序号 373: 成功下载 - https://xqimg.imedao.com/185c7c09aaf4fc0a3fb6743f.jpg
2025-11-21 19:26:44,234 - INFO - 序号 372: 成功下载 - https://xqimg.imedao.com/185c7c67a994fc433fe78ca8.jpg
2025-11-21 19:26:45,254 - INFO - 序号 375: 成功下载 - https://xqimg.imedao.com/185c7c10b594fb003fe159f1.jpg
2025-11-21 19:26:45,843 - INFO - 序号 367: 成功下载 - https://xqimg.imedao.com/185996aa931383493fde60bf.jpg
2025-11-21 19:26:47,454 - INFO - 序号 377: 成功下载 - https://xqimg.imedao.com/185c7c0eb3b4fafe3fe2cd36.jpg
2025-11-21 19:26:48,356 - INFO - 序号 376: 成功下载 - https://xqimg.imedao.com/185c7c0d5fa4f8323fd8cb0e.jpg
2025-11-21 19:26:49,686 - INFO - 序号 378: 成功下载 - https://xqimg.imedao.com/185c7c145e24f8393feb9a0c.jpg
2025-11-21 19:26:51,095 - INFO - 序号 380: 成功下载 - https://xqimg.imedao.com/185c7c16dae4f0cb3fe36063.jpg
2025-11-21 19:26:51,662 - INFO - 序号 381: 成功下载 - https://xqimg.imedao.com/185c7c18f004f21e3fd7fc5c.jpg
2025-11-21 19:26:52,166 - INFO - 序号 379: 成功下载 - https://xqimg.imedao.com/185c7c1cfb14f3ae3feab0be.jpg
2025-11-21 19:26:54,199 - INFO - 序号 382: 成功下载 - https://xqimg.imedao.com/185c7c250d74f4443fe7ca9f.jpg
2025-11-21 19:26:54,499 - INFO - 序号 383: 成功下载 - https://xqimg.imedao.com/185c7c2e6314fb0c3fdcbb3f.jpg
2025-11-21 19:26:57,719 - INFO - 序号 386: 成功下载 - https://xqimg.imedao.com/185c7c560534f3ca3f769e90.jpg
2025-11-21 19:26:57,786 - INFO - 序号 384: 成功下载 - https://xqimg.imedao.com/185c7c34db04fb163fb7c6d0.jpg
2025-11-21 19:26:57,997 - INFO - 序号 385: 成功下载 - https://xqimg.imedao.com/185c7c3747c4f3b93fef6c0e.jpg
2025-11-21 19:26:59,040 - INFO - 序号 388: 成功下载 - https://xqimg.imedao.com/185c7c60a194f6f43fef8670.jpg
2025-11-21 19:26:59,826 - INFO - 序号 387: 成功下载 - https://xqimg.imedao.com/185c7c5e1424f85a3fd09996.jpg
2025-11-21 19:27:00,807 - INFO - 序号 391: 成功下载 - https://xqimg.imedao.com/185c7cab8784f8833fc55232.jpg
2025-11-21 19:27:02,149 - INFO - 序号 389: 成功下载 - https://xqimg.imedao.com/185c7c632214f4663fa62072.jpg
2025-11-21 19:27:04,539 - INFO - 序号 393: 成功下载 - https://xqimg.imedao.com/186057de5f34c5db3fd236bb.jpg
2025-11-21 19:27:05,569 - INFO - 序号 394: 成功下载 - https://xqimg.imedao.com/186057dfc1c4c5e33fe47a7f.jpg
2025-11-21 19:27:06,621 - INFO - 序号 390: 成功下载 - https://xqimg.imedao.com/185c7caa5dd4f26d3fd885de.jpg
2025-11-21 19:27:07,019 - INFO - 序号 395: 成功下载 - https://xqimg.imedao.com/186057de9db4c5dc3fee34ed.jpg
2025-11-21 19:27:07,961 - INFO - 序号 392: 成功下载 - https://xqimg.imedao.com/185c7d50f364f2cb3fc21f32.jpg
2025-11-21 19:27:08,562 - INFO - 序号 396: 成功下载 - https://xqimg.imedao.com/186057def5854ca43fe14f69.jpg
2025-11-21 19:27:09,630 - INFO - 序号 397: 成功下载 - https://xqimg.imedao.com/186057de92e54ca33fe76866.jpg
2025-11-21 19:27:12,610 - INFO - 序号 398: 成功下载 - https://xqimg.imedao.com/186057df03454ca53fd081a9.jpg
2025-11-21 19:27:13,245 - INFO - 序号 401: 成功下载 - https://xqimg.imedao.com/186057dde3054ca13fd4415b.jpg
2025-11-21 19:27:13,289 - INFO - 序号 400: 成功下载 - https://xqimg.imedao.com/186057df4ce54ca63fd907fb.jpg
2025-11-21 19:27:13,353 - INFO - 序号 399: 成功下载 - https://xqimg.imedao.com/186057df83754ca83fc6252c.jpg
2025-11-21 19:27:14,171 - INFO - 序号 402: 成功下载 - https://xqimg.imedao.com/186057df2214c5de3fd1ac33.jpg
2025-11-21 19:27:17,224 - INFO - 序号 404: 成功下载 - https://xqimg.imedao.com/186057df59c4c5e03fd87b88.jpg
2025-11-21 19:27:19,003 - INFO - 序号 403: 成功下载 - https://xqimg.imedao.com/186057df92b54ca93fcd5ac4.jpg
2025-11-21 19:27:19,828 - INFO - 序号 406: 成功下载 - https://xqimg.imedao.com/186057ddf5054ca23fe86db7.jpg
2025-11-21 19:27:19,904 - INFO - 序号 405: 成功下载 - https://xqimg.imedao.com/186057ddcea4c5da3feae9a1.jpg
2025-11-21 19:27:20,640 - INFO - 序号 407: 成功下载 - https://xqimg.imedao.com/186057df4074c5df3fed9e9f.jpg
2025-11-21 19:27:21,632 - INFO - 序号 408: 成功下载 - https://xqimg.imedao.com/186057dfbb954cab3fe50342.jpg
2025-11-21 19:27:22,766 - INFO - 序号 409: 成功下载 - https://xqimg.imedao.com/186057df73354ca73fa7c09a.jpg
2025-11-21 19:27:23,791 - INFO - 序号 411: 成功下载 - https://xqimg.imedao.com/18d349c210f8c6d3fe50ef3d.jpg
2025-11-21 19:27:24,745 - INFO - 序号 410: 成功下载 - https://xqimg.imedao.com/186057df91a4c5e13fee9d23.jpg
2025-11-21 19:27:29,947 - INFO - 序号 413: 成功下载 - https://xqimg.imedao.com/186057df9f64c5e23fcb083e.jpg
2025-11-21 19:27:30,440 - INFO - 序号 416: 成功下载 - https://xqimg.imedao.com/1862997ebf25630e3fd7747f.jpg
2025-11-21 19:27:30,747 - INFO - 序号 415: 成功下载 - https://xqimg.imedao.com/1862997f6f5563103fe86e96.jpg
2025-11-21 19:27:31,256 - INFO - 序号 412: 成功下载 - https://xqimg.imedao.com/186057dfb3654caa3fc248c7.jpg
2025-11-21 19:27:31,483 - INFO - 序号 414: 成功下载 - https://xqimg.imedao.com/186057f73975ded03fb0decf.jpg
2025-11-21 19:27:33,805 - INFO - 序号 419: 成功下载 - https://xqimg.imedao.com/1862997e3845630c3feca034.jpg
2025-11-21 19:27:35,804 - INFO - 序号 417: 成功下载 - https://xqimg.imedao.com/1862997f6a45e90d3fda41aa.jpg
2025-11-21 19:27:36,064 - INFO - 序号 421: 成功下载 - https://xqimg.imedao.com/1862997ee7f5e90c3f85a294.jpg
2025-11-21 19:27:36,691 - INFO - 序号 418: 成功下载 - https://xqimg.imedao.com/1862997eb325e90a3fd434e0.jpg
2025-11-21 19:27:37,630 - INFO - 序号 422: 成功下载 - https://xqimg.imedao.com/1862997eb3e5e90b3fd9a298.jpg
2025-11-21 19:27:37,851 - INFO - 序号 420: 成功下载 - https://xqimg.imedao.com/1862997eb6b5630d3fc67bbc.jpg
2025-11-21 19:27:39,465 - INFO - 序号 424: 成功下载 - https://xqimg.imedao.com/1862997f62c5630f3f9f5327.jpg
2025-11-21 19:27:41,724 - INFO - 序号 423: 成功下载 - https://xqimg.imedao.com/1862997e8355e9093fe3a4dc.jpg
2025-11-21 19:27:42,150 - INFO - 序号 427: 成功下载 - https://xqimg.imedao.com/1862998024c5e90f3fb02cc1.jpg
2025-11-21 19:27:43,451 - INFO - 序号 426: 成功下载 - https://xqimg.imedao.com/186299801ef5e90e3fa18797.jpg
2025-11-21 19:27:44,234 - INFO - 序号 425: 成功下载 - https://xqimg.imedao.com/1862997fbfe563113fe17309.jpg
2025-11-21 19:27:45,498 - INFO - 序号 428: 成功下载 - https://xqimg.imedao.com/18629980569563123f91a039.jpg
2025-11-21 19:27:46,215 - INFO - 序号 430: 成功下载 - https://xqimg.imedao.com/18629980c99563153fd10d9b.jpg
2025-11-21 19:27:47,857 - INFO - 序号 429: 成功下载 - https://xqimg.imedao.com/186299809695e9113fe680a5.jpg
2025-11-21 19:27:48,557 - INFO - 序号 432: 成功下载 - https://xqimg.imedao.com/18629980f1f5e9123feab8a0.jpg
2025-11-21 19:27:49,247 - INFO - 序号 431: 成功下载 - https://xqimg.imedao.com/18629980fe3563163fd729c3.jpg
2025-11-21 19:27:49,789 - INFO - 序号 433: 成功下载 - https://xqimg.imedao.com/18629981699563173feac0d5.jpg
2025-11-21 19:27:52,553 - INFO - 序号 434: 成功下载 - https://xqimg.imedao.com/18629981df35631b3fcee1b1.jpg
2025-11-21 19:27:55,927 - INFO - 序号 437: 成功下载 - https://xqimg.imedao.com/1864db0b36115173fde17aee.jpg
2025-11-21 19:27:55,930 - INFO - 序号 438: 成功下载 - https://xqimg.imedao.com/1864dbae81b776383fe82ee2.png
2025-11-21 19:27:57,179 - INFO - 序号 435: 成功下载 - https://xqimg.imedao.com/18629b992756c7663fefdc84.jpg
2025-11-21 19:27:57,886 - INFO - 序号 439: 成功下载 - https://xqimg.imedao.com/1864db0d6c015593fe21d7b9.jpg
2025-11-21 19:27:58,426 - INFO - 序号 436: 成功下载 - https://xqimg.imedao.com/1862999cf376beca3fb6dd18.png
2025-11-21 19:28:00,684 - INFO - 序号 441: 成功下载 - https://xqimg.imedao.com/1864db0cb4f151b3fd83901b.jpg
2025-11-21 19:28:00,985 - INFO - 序号 440: 成功下载 - https://xqimg.imedao.com/1864db0ba6915543fe0d13df.jpg
2025-11-21 19:28:02,104 - INFO - 序号 442: 成功下载 - https://xqimg.imedao.com/1864db0db4215213feec6129.jpg
2025-11-21 19:28:03,178 - INFO - 序号 444: 成功下载 - https://xqimg.imedao.com/1864db0db2015203fd0c41d9.jpg
2025-11-21 19:28:05,558 - INFO - 序号 443: 成功下载 - https://xqimg.imedao.com/1864db0d11615563fd9ed5aa.jpg
2025-11-21 19:28:05,865 - INFO - 序号 446: 成功下载 - https://xqimg.imedao.com/1864db0b8d215183fcfcdff1.jpg
2025-11-21 19:28:05,997 - INFO - 序号 445: 成功下载 - https://xqimg.imedao.com/1864db0da88155a3feefb126.jpg
2025-11-21 19:28:06,997 - INFO - 序号 448: 成功下载 - https://xqimg.imedao.com/1864db0b5b515533fcb89126.jpg
2025-11-21 19:28:07,636 - INFO - 序号 447: 成功下载 - https://xqimg.imedao.com/1864db0d091151d3fc18ce33.jpg
2025-11-21 19:28:10,019 - INFO - 序号 449: 成功下载 - https://xqimg.imedao.com/1864db0ca81151a3fe8e9b1f.jpg
2025-11-21 19:28:10,069 - INFO - 序号 451: 成功下载 - https://xqimg.imedao.com/1864db0d66e15583fe7b9ada.jpg
2025-11-21 19:28:11,643 - INFO - 序号 452: 成功下载 - https://xqimg.imedao.com/1864db0c3d615193fb7a21f1.jpg
2025-11-21 19:28:13,200 - INFO - 序号 454: 成功下载 - https://xqimg.imedao.com/1864db9f7f777b203fe61e01.png
2025-11-21 19:28:13,764 - INFO - 序号 453: 成功下载 - https://xqimg.imedao.com/1864db0ca8715553fe55e538.jpg
2025-11-21 19:28:14,511 - INFO - 序号 455: 成功下载 - https://xqimg.imedao.com/1864db0ce12151c3fd109a1d.jpg
2025-11-21 19:28:14,605 - INFO - 序号 450: 成功下载 - https://xqimg.imedao.com/1864db0da51151f3fc7f6e39.jpg
2025-11-21 19:28:17,244 - INFO - 序号 456: 成功下载 - https://xqimg.imedao.com/1864db97dea15a93fd8bf1a4.jpg
2025-11-21 19:28:18,398 - INFO - 序号 459: 成功下载 - https://xqimg.imedao.com/18671af3d3a115f3fe8a20f7.jpg
2025-11-21 19:28:20,828 - INFO - 序号 460: 成功下载 - https://xqimg.imedao.com/18671af7b8a116d3fd6b0c40.jpg
2025-11-21 19:28:21,467 - INFO - 序号 457: 成功下载 - https://xqimg.imedao.com/1864db979a415a83feaf43ea.jpg
2025-11-21 19:28:24,295 - INFO - 序号 461: 成功下载 - https://xqimg.imedao.com/18671af700b11a23fd16eece.jpg
2025-11-21 19:28:25,962 - INFO - 序号 462: 成功下载 - https://xqimg.imedao.com/18671af7d6f116e3fdc7710e.jpg
2025-11-21 19:28:26,756 - INFO - 序号 458: 成功下载 - https://xqimg.imedao.com/1864dc4ce1077b873fcad398.jpg
2025-11-21 19:28:27,437 - INFO - 序号 464: 成功下载 - https://xqimg.imedao.com/18671af5774119c3fdb53a1d.jpg
2025-11-21 19:28:27,777 - INFO - 序号 463: 成功下载 - https://xqimg.imedao.com/18671af6ceb11663fe662eb4.jpg
2025-11-21 19:28:30,869 - INFO - 序号 465: 成功下载 - https://xqimg.imedao.com/18671af6c2211a03fe664cc6.jpg
2025-11-21 19:28:30,881 - INFO - 序号 467: 成功下载 - https://xqimg.imedao.com/18671af8c5611733fb26d633.jpg
2025-11-21 19:28:33,156 - INFO - 序号 466: 成功下载 - https://xqimg.imedao.com/18671af7c7b11a83fdd81d92.jpg
2025-11-21 19:28:33,594 - INFO - 序号 469: 成功下载 - https://xqimg.imedao.com/18671af6c6d11a13fe9c91c2.jpg
2025-11-21 19:28:34,972 - INFO - 序号 468: 成功下载 - https://xqimg.imedao.com/18671af89b711713fe8af9b7.jpg
2025-11-21 19:28:37,446 - INFO - 序号 470: 成功下载 - https://xqimg.imedao.com/18671af72a311a43fb923401.jpg
2025-11-21 19:28:37,842 - INFO - 序号 471: 成功下载 - https://xqimg.imedao.com/18671af8f0811b33fdbb34d0.jpg
2025-11-21 19:28:38,834 - INFO - 序号 473: 成功下载 - https://xqimg.imedao.com/18671af7b6d11a73fdd99277.jpg
2025-11-21 19:28:41,576 - INFO - 序号 475: 成功下载 - https://xqimg.imedao.com/18671af6c6111653fd533c81.jpg
2025-11-21 19:28:41,730 - INFO - 序号 472: 成功下载 - https://xqimg.imedao.com/18671af81d6116f3fede12ff.jpg
2025-11-21 19:28:42,153 - INFO - 序号 474: 成功下载 - https://xqimg.imedao.com/18671af8b4b11af3fd9913ca.jpg
2025-11-21 19:28:44,265 - INFO - 序号 476: 成功下载 - https://xqimg.imedao.com/18671af6a06119f3fef38360.jpg
2025-11-21 19:28:44,281 - INFO - 序号 477: 成功下载 - https://xqimg.imedao.com/18671af71a011683fd6caaa8.jpg
2025-11-21 19:28:49,379 - INFO - 序号 480: 成功下载 - https://xqimg.imedao.com/18671c1cba3802b53fcc0f3a.jpg
2025-11-21 19:28:49,540 - INFO - 序号 481: 成功下载 - https://xqimg.imedao.com/18695c011e6bd473fd65714d.jpg
2025-11-21 19:28:50,344 - INFO - 序号 482: 成功下载 - https://xqimg.imedao.com/18696ee2062c9273feed7832.jpg
2025-11-21 19:28:51,612 - INFO - 序号 479: 成功下载 - https://xqimg.imedao.com/18671af954811b73fd43795a.jpg
2025-11-21 19:28:51,843 - INFO - 序号 478: 成功下载 - https://xqimg.imedao.com/18671af8a2311ae3fce10938.jpg
2025-11-21 19:28:52,486 - INFO - 序号 483: 成功下载 - https://xqimg.imedao.com/18696ee251cc8473fe8ace99.jpg
2025-11-21 19:28:54,864 - INFO - 序号 485: 成功下载 - https://xqimg.imedao.com/18696ee2965c8483fc1fd489.jpg
2025-11-21 19:28:55,244 - INFO - 序号 484: 成功下载 - https://xqimg.imedao.com/18696ee18b0c8443fed6e877.jpg
2025-11-21 19:28:57,065 - INFO - 序号 486: 成功下载 - https://xqimg.imedao.com/18696ee1514c9253fe34a168.jpg
2025-11-21 19:28:57,118 - INFO - 序号 487: 成功下载 - https://xqimg.imedao.com/18696ee1daec8453feffad31.jpg
2025-11-21 19:28:57,979 - INFO - 序号 488: 成功下载 - https://xqimg.imedao.com/18696ee19e0c9263fb04fe0d.jpg
2025-11-21 19:28:59,220 - INFO - 序号 489: 成功下载 - https://xqimg.imedao.com/18696ee22dcc8463fd04cfd0.jpg
2025-11-21 19:29:00,984 - INFO - 序号 490: 成功下载 - https://xqimg.imedao.com/18696ee262ec9283fe2e0728.jpg
2025-11-21 19:29:03,919 - INFO - 序号 492: 成功下载 - https://xqimg.imedao.com/18696ee2f0cc8493fda58582.jpg
2025-11-21 19:29:03,947 - INFO - 序号 491: 成功下载 - https://xqimg.imedao.com/18696ee32f1c84a3fd008c67.jpg
2025-11-21 19:29:04,144 - INFO - 序号 493: 成功下载 - https://xqimg.imedao.com/18696ee359dc84b3feb8a3db.jpg
2025-11-21 19:29:05,537 - INFO - 序号 494: 成功下载 - https://xqimg.imedao.com/18696ee38a0c9293fd31cbf6.jpg
2025-11-21 19:29:07,484 - INFO - 序号 495: 成功下载 - https://xqimg.imedao.com/18696ee39dac92a3fe568118.jpg
2025-11-21 19:29:08,977 - INFO - 序号 497: 成功下载 - https://xqimg.imedao.com/18696ee3b53c84c3fe62a7d4.jpg
2025-11-21 19:29:09,376 - INFO - 序号 498: 成功下载 - https://xqimg.imedao.com/18696ee4531c92c3fef269a5.jpg
2025-11-21 19:29:11,600 - INFO - 序号 496: 成功下载 - https://xqimg.imedao.com/18696ee3d03c92b3fee1ffe9.jpg
2025-11-21 19:29:14,589 - INFO - 序号 499: 成功下载 - https://xqimg.imedao.com/18696ee4ca4c84d3fe2aac5a.jpg
2025-11-21 19:29:15,598 - INFO - 序号 500: 成功下载 - https://xqimg.imedao.com/18696ee4cf8c92e3fe6cbfb8.jpg
2025-11-21 19:29:16,329 - INFO - 序号 501: 成功下载 - https://xqimg.imedao.com/18696ee50cbc84e3fd30ace9.jpg
2025-11-21 19:29:16,546 - INFO - 序号 502: 成功下载 - https://xqimg.imedao.com/18696f2f5a276613fedbe990.jpg
2025-11-21 19:29:19,087 - INFO - 序号 503: 成功下载 - https://xqimg.imedao.com/186b9c15567167973fe21505.jpg
2025-11-21 19:29:19,207 - INFO - 序号 504: 成功下载 - https://xqimg.imedao.com/186b9c14e11169923fccde08.jpg
2025-11-21 19:29:21,341 - INFO - 序号 505: 成功下载 - https://xqimg.imedao.com/186ba2869f49ceb3fe62a0e6.jpg
2025-11-21 19:29:21,568 - INFO - 序号 506: 成功下载 - https://xqimg.imedao.com/186b9c15049167943fec7f6c.jpg
2025-11-21 19:29:22,084 - INFO - 序号 507: 成功下载 - https://xqimg.imedao.com/186b9c153a2169973fd8fdf9.jpg
2025-11-21 19:29:24,502 - INFO - 序号 509: 成功下载 - https://xqimg.imedao.com/186b9c1558b167983fe552b2.jpg
2025-11-21 19:29:25,558 - INFO - 序号 508: 成功下载 - https://xqimg.imedao.com/186b9c15f7f1679a3fe28eb6.jpg
2025-11-21 19:29:26,345 - INFO - 序号 511: 成功下载 - https://xqimg.imedao.com/186b9c161881679c3feb507c.jpg
2025-11-21 19:29:26,938 - INFO - 序号 510: 成功下载 - https://xqimg.imedao.com/186b9c1652a1699d3fd6f99e.jpg
2025-11-21 19:29:27,041 - INFO - 序号 512: 成功下载 - https://xqimg.imedao.com/186b9c14f8b167933feb2053.jpg
2025-11-21 19:29:28,924 - INFO - 序号 513: 成功下载 - https://xqimg.imedao.com/186b9c15135167953fe6042f.jpg
2025-11-21 19:29:30,759 - INFO - 序号 515: 成功下载 - https://xqimg.imedao.com/186b9c15072169943fc21aeb.jpg
2025-11-21 19:29:31,879 - INFO - 序号 514: 成功下载 - https://xqimg.imedao.com/186b9c15392167963fe8e2f8.jpg
2025-11-21 19:29:32,501 - INFO - 序号 517: 成功下载 - https://xqimg.imedao.com/186b9c14e4a169933feb12ef.jpg
2025-11-21 19:29:32,505 - INFO - 序号 518: 成功下载 - https://xqimg.imedao.com/186b9c15335169963fd5a9b3.jpg
2025-11-21 19:29:33,736 - INFO - 序号 516: 成功下载 - https://xqimg.imedao.com/186b9c15ac91699a3fe5ff9e.jpg
2025-11-21 19:29:34,239 - INFO - 序号 519: 成功下载 - https://xqimg.imedao.com/186b9c1565b167993fcaf663.jpg
2025-11-21 19:29:37,517 - INFO - 序号 520: 成功下载 - https://xqimg.imedao.com/186b9c160f81679b3fdf5153.jpg
2025-11-21 19:29:37,631 - INFO - 序号 521: 成功下载 - https://xqimg.imedao.com/186b9c1556c169983fe6cd14.jpg
2025-11-21 19:29:38,110 - INFO - 序号 524: 成功下载 - https://xqimg.imedao.com/186b9d5a80d99343fe17974a.png
2025-11-21 19:29:39,071 - INFO - 序号 522: 成功下载 - https://xqimg.imedao.com/186b9c1530e169953fa2d134.jpg
2025-11-21 19:29:39,535 - INFO - 序号 523: 成功下载 - https://xqimg.imedao.com/186b9c15b751699b3fe02251.jpg
2025-11-21 19:29:42,773 - INFO - 序号 527: 成功下载 - https://xqimg.imedao.com/186da78e0a5315f3fe9ad6a0.jpg
2025-11-21 19:29:44,298 - INFO - 序号 526: 成功下载 - https://xqimg.imedao.com/186da788ea731703fe585678.jpg
2025-11-21 19:29:44,920 - INFO - 序号 529: 成功下载 - https://xqimg.imedao.com/186da78f26531793fe11586f.jpg
2025-11-21 19:29:45,920 - INFO - 序号 528: 成功下载 - https://xqimg.imedao.com/186da78f48c31643fdef0984.jpg
2025-11-21 19:29:46,545 - INFO - 序号 525: 成功下载 - https://xqimg.imedao.com/186b9d50b7a99ff3fe7c288b.jpg
2025-11-21 19:29:47,455 - INFO - 序号 530: 成功下载 - https://xqimg.imedao.com/186da78dd4031763fea45c3a.jpg
2025-11-21 19:29:49,468 - INFO - 序号 532: 成功下载 - https://xqimg.imedao.com/186da78f407317a3fe8ba98e.jpg
2025-11-21 19:29:49,691 - INFO - 序号 531: 成功下载 - https://xqimg.imedao.com/186da78efa931783fdc6317b.jpg
2025-11-21 19:29:52,029 - INFO - 序号 533: 成功下载 - https://xqimg.imedao.com/186da78eb3431623fe0fc9a1.jpg
2025-11-21 19:29:52,493 - INFO - 序号 534: 成功下载 - https://xqimg.imedao.com/186da78e34031773fe2feb20.jpg
2025-11-21 19:29:53,889 - INFO - 序号 535: 成功下载 - https://xqimg.imedao.com/186da78f2db31633fd90016b.jpg
2025-11-21 19:29:54,841 - INFO - 序号 538: 成功下载 - https://xqimg.imedao.com/186da78aa4a315a3fea7fe68.jpg
2025-11-21 19:29:56,566 - INFO - 序号 537: 成功下载 - https://xqimg.imedao.com/186da78b4b531723fcf24273.jpg
2025-11-21 19:29:57,255 - INFO - 序号 536: 成功下载 - https://xqimg.imedao.com/186da78dbfc31753fcf05b27.jpg
2025-11-21 19:29:57,272 - INFO - 序号 539: 成功下载 - https://xqimg.imedao.com/186da78b4d531733fe45ade6.jpg
2025-11-21 19:29:58,845 - INFO - 序号 540: 成功下载 - https://xqimg.imedao.com/186da78b34b31713fe241b4f.jpg
2025-11-21 19:29:59,532 - INFO - 序号 541: 成功下载 - https://xqimg.imedao.com/186da78be50315c3fe542ed2.jpg
2025-11-21 19:30:01,630 - INFO - 序号 544: 成功下载 - https://xqimg.imedao.com/186da78bc8f315b3fe6531ef.jpg
2025-11-21 19:30:01,938 - INFO - 序号 542: 成功下载 - https://xqimg.imedao.com/186da78c019315d3fa542907.jpg
2025-11-21 19:30:04,052 - INFO - 序号 543: 成功下载 - https://xqimg.imedao.com/186da78bef331743fd8c33f1.jpg
2025-11-21 19:30:06,201 - INFO - 序号 545: 成功下载 - https://xqimg.imedao.com/186da78ca60315e3fd4e2f88.jpg
2025-11-21 19:30:06,626 - INFO - 序号 546: 成功下载 - https://xqimg.imedao.com/186da78e1fd31603fe866768.jpg
2025-11-21 19:30:09,355 - INFO - 序号 549: 成功下载 - https://xqimg.imedao.com/186feea5874ddb23fe77c85c.jpg
2025-11-21 19:30:11,421 - INFO - 序号 547: 成功下载 - https://xqimg.imedao.com/186da7b07ae31863fc100056.jpg
2025-11-21 19:30:13,942 - INFO - 序号 550: 成功下载 - https://xqimg.imedao.com/186feea7236ddb93fe845856.jpg
2025-11-21 19:30:15,265 - INFO - 序号 551: 成功下载 - https://xqimg.imedao.com/186feea46e4ddb13fd45e7aa.jpg
2025-11-21 19:30:15,509 - INFO - 序号 552: 成功下载 - https://xqimg.imedao.com/186feea7545e0223fd3c8c0c.jpg
2025-11-21 19:30:17,552 - INFO - 序号 553: 成功下载 - https://xqimg.imedao.com/186feea7412e0213fb18cf3b.jpg
2025-11-21 19:30:18,149 - INFO - 序号 554: 成功下载 - https://xqimg.imedao.com/186feea6f32e01e3f88f621c.jpg
2025-11-21 19:30:19,534 - INFO - 序号 556: 成功下载 - https://xqimg.imedao.com/186feea7555ddbc3fe398d5a.jpg
2025-11-21 19:30:21,955 - INFO - 序号 558: 成功下载 - https://xqimg.imedao.com/186feea6da8ddb73fc149bc4.jpg
2025-11-21 19:30:23,196 - INFO - 序号 555: 成功下载 - https://xqimg.imedao.com/186feea635be01a3fd659369.jpg
2025-11-21 19:30:23,630 - INFO - 序号 557: 成功下载 - https://xqimg.imedao.com/186feea722be01f3fe6ee2f2.jpg
2025-11-21 19:30:27,736 - INFO - 序号 559: 成功下载 - https://xqimg.imedao.com/186feea72e5ddbb3fded29a7.jpg
2025-11-21 19:30:28,000 - INFO - 序号 561: 成功下载 - https://xqimg.imedao.com/186feea649ce01b3fe51c755.jpg
2025-11-21 19:30:28,012 - INFO - 序号 560: 成功下载 - https://xqimg.imedao.com/186feea6829ddb53fc67bb4b.jpg
2025-11-21 19:30:30,429 - INFO - 序号 562: 成功下载 - https://xqimg.imedao.com/186feea6db0ddb83fede66e7.jpg
2025-11-21 19:30:31,714 - INFO - 序号 548: 成功下载 - https://xqimg.imedao.com/186da7b606e1fa3fe001762b.png
2025-11-21 19:30:33,737 - INFO - 序号 563: 成功下载 - https://xqimg.imedao.com/186feea72b3ddba3fc8ad383.jpg
2025-11-21 19:30:34,014 - INFO - 序号 564: 成功下载 - https://xqimg.imedao.com/186feea6a85ddb63fe0c9b39.jpg
2025-11-21 19:30:36,012 - INFO - 序号 567: 成功下载 - https://xqimg.imedao.com/186feea661be01c3fe19f21d.jpg
2025-11-21 19:30:36,227 - INFO - 序号 566: 成功下载 - https://xqimg.imedao.com/186feea6c10e01d3fdd027db.jpg
2025-11-21 19:30:36,383 - INFO - 序号 569: 成功下载 - https://xqimg.imedao.com/186feea2e70ddad3fe14ac44.jpg
2025-11-21 19:30:36,388 - INFO - 序号 568: 成功下载 - https://xqimg.imedao.com/186feea2f8be0153fee14f4e.jpg
2025-11-21 19:30:37,041 - INFO - 序号 565: 成功下载 - https://xqimg.imedao.com/186feea7252e0203fc00c8b9.jpg
2025-11-21 19:30:37,654 - INFO - 序号 570: 成功下载 - https://xqimg.imedao.com/186fef008cc8e8b3fee48834.jpg
2025-11-21 19:30:40,307 - INFO - 序号 573: 成功下载 - https://xqimg.imedao.com/18725d19cd2123ce3fe3985a.jpg
2025-11-21 19:30:40,517 - INFO - 序号 571: 成功下载 - https://xqimg.imedao.com/18725d16cc41267c3fed805f.jpg
2025-11-21 19:30:41,246 - INFO - 序号 572: 成功下载 - https://xqimg.imedao.com/18725d185e4123c53fc34777.jpg
2025-11-21 19:30:42,102 - INFO - 序号 575: 成功下载 - https://xqimg.imedao.com/18725d1dab6123c83fe550d9.jpg
2025-11-21 19:30:43,943 - INFO - 序号 574: 成功下载 - https://xqimg.imedao.com/18725d1cfb1122c13fe45778.jpg
2025-11-21 19:30:49,330 - INFO - 序号 576: 成功下载 - https://xqimg.imedao.com/18725d1eb06123d03fe85c06.jpg
2025-11-21 19:30:49,632 - INFO - 序号 579: 成功下载 - https://xqimg.imedao.com/18725d2f9ce127cf3fc27f84.jpg
2025-11-21 19:30:50,300 - INFO - 序号 578: 成功下载 - https://xqimg.imedao.com/18725d2e1f9123e53fc72956.jpg
2025-11-21 19:30:50,463 - INFO - 序号 580: 成功下载 - https://xqimg.imedao.com/18725d30873122ec3fe93ffd.jpg
2025-11-21 19:30:52,064 - INFO - 序号 577: 成功下载 - https://xqimg.imedao.com/18725d272c2123e43fc20946.jpg
2025-11-21 19:30:53,794 - INFO - 序号 582: 成功下载 - https://xqimg.imedao.com/18725d3540a123073fcfbec7.jpg
2025-11-21 19:30:55,361 - INFO - 序号 581: 成功下载 - https://xqimg.imedao.com/18725d31c05127d03fd8c514.jpg
2025-11-21 19:30:56,428 - INFO - 序号 585: 成功下载 - https://xqimg.imedao.com/18725d4a2b5127d63fe122dc.jpg
2025-11-21 19:30:57,279 - INFO - 序号 583: 成功下载 - https://xqimg.imedao.com/18725d363a2122ef3fee7699.jpg
2025-11-21 19:30:57,842 - INFO - 序号 584: 成功下载 - https://xqimg.imedao.com/18725d37b81123d83fefc342.jpg
2025-11-21 19:30:59,954 - INFO - 序号 587: 成功下载 - https://xqimg.imedao.com/18725d5321e127d73fc25ab2.jpg
2025-11-21 19:31:00,919 - INFO - 序号 586: 成功下载 - https://xqimg.imedao.com/18725d4b7421230e3fcb6d65.jpg
2025-11-21 19:31:02,316 - INFO - 序号 588: 成功下载 - https://xqimg.imedao.com/18725d54ba7127d83fe94c8a.jpg
2025-11-21 19:31:05,855 - INFO - 序号 589: 成功下载 - https://xqimg.imedao.com/18725d586871257a3fdc82a8.jpg
2025-11-21 19:31:06,515 - INFO - 序号 590: 成功下载 - https://xqimg.imedao.com/18725d98a3c124023fc93e33.jpg
2025-11-21 19:31:06,676 - INFO - 序号 593: 成功下载 - https://xqimg.imedao.com/1874a029738153573fea34e7.jpg
2025-11-21 19:31:07,453 - INFO - 序号 591: 成功下载 - https://xqimg.imedao.com/18725d9bb88124033fd0aa28.jpg
2025-11-21 19:31:08,591 - INFO - 序号 594: 成功下载 - https://xqimg.imedao.com/1874a0295b014e5c3fd0b56e.jpg
2025-11-21 19:31:09,672 - INFO - 序号 592: 成功下载 - https://xqimg.imedao.com/18725d9dc3d127ff3f96a5e9.jpg
2025-11-21 19:31:11,229 - INFO - 序号 596: 成功下载 - https://xqimg.imedao.com/1874a0298fd14e5e3fd4c3b2.jpg
2025-11-21 19:31:11,443 - INFO - 序号 595: 成功下载 - https://xqimg.imedao.com/1874a02993814e5f3fd30320.jpg
2025-11-21 19:31:13,704 - INFO - 序号 599: 成功下载 - https://xqimg.imedao.com/1874a029839153583fdf33f5.jpg
2025-11-21 19:31:14,185 - INFO - 序号 597: 成功下载 - https://xqimg.imedao.com/1874a0298f814e5d3fb4d880.jpg
2025-11-21 19:31:15,724 - INFO - 序号 600: 成功下载 - https://xqimg.imedao.com/1874a029dd91535a3fd5afae.jpg
2025-11-21 19:31:16,507 - INFO - 序号 601: 成功下载 - https://xqimg.imedao.com/1874a02a4c914e603fd60688.jpg
2025-11-21 19:31:16,510 - INFO - 序号 598: 成功下载 - https://xqimg.imedao.com/1874a029b37153593fedd27e.jpg
2025-11-21 19:31:18,197 - INFO - 序号 603: 成功下载 - https://xqimg.imedao.com/1874a02a7f41535b3fe2786d.jpg
2025-11-21 19:31:19,804 - INFO - 序号 604: 成功下载 - https://xqimg.imedao.com/1874a02aa4f1535c3fbb861d.jpg
2025-11-21 19:31:20,606 - INFO - 序号 606: 成功下载 - https://xqimg.imedao.com/1874a02ad201535d3fe9c38a.jpg
2025-11-21 19:31:20,755 - INFO - 序号 602: 成功下载 - https://xqimg.imedao.com/1874a02a53b14e613fd20582.jpg
2025-11-21 19:31:21,630 - INFO - 序号 605: 成功下载 - https://xqimg.imedao.com/1874a02a86014e623fe69c6c.jpg
2025-11-21 19:31:22,794 - INFO - 序号 607: 成功下载 - https://xqimg.imedao.com/1874a02ad4e14e643fefacbd.jpg
2025-11-21 19:31:23,292 - INFO - 序号 608: 成功下载 - https://xqimg.imedao.com/1874a02af6e1535e3feb8cce.jpg
2025-11-21 19:31:26,101 - INFO - 序号 610: 成功下载 - https://xqimg.imedao.com/1874a02b38514e653fcff5f7.jpg
2025-11-21 19:31:26,162 - INFO - 序号 609: 成功下载 - https://xqimg.imedao.com/1874a02b2641535f3fe0331e.jpg
2025-11-21 19:31:26,381 - INFO - 序号 611: 成功下载 - https://xqimg.imedao.com/1874a02b487153603fd1d5f1.jpg
2025-11-21 19:31:29,547 - INFO - 序号 613: 成功下载 - https://xqimg.imedao.com/1874a17ba811b5f93fdfccbd.jpg
2025-11-21 19:31:32,109 - INFO - 序号 615: 成功下载 - https://xqimg.imedao.com/1876df2ae9f729e3fd4a045d.jpg
2025-11-21 19:31:32,912 - INFO - 序号 616: 成功下载 - https://xqimg.imedao.com/1876df2cf47729f3fddf9fbe.jpg
2025-11-21 19:31:34,147 - INFO - 序号 617: 成功下载 - https://xqimg.imedao.com/1876df2e0dd72a23fefbc1ed.jpg
2025-11-21 19:31:34,484 - INFO - 序号 612: 成功下载 - https://xqimg.imedao.com/1874a178e521b6003fe24511.jpg
2025-11-21 19:31:35,251 - INFO - 序号 614: 成功下载 - https://xqimg.imedao.com/1874a185f971b5cf3fd1e06b.jpg
2025-11-21 19:31:36,100 - INFO - 序号 618: 成功下载 - https://xqimg.imedao.com/1876df2f78b72703fe62bb38.jpg
2025-11-21 19:31:43,863 - INFO - 序号 619: 成功下载 - https://xqimg.imedao.com/1876df30db2724a3fc069328.jpg
2025-11-21 19:31:45,556 - INFO - 序号 620: 成功下载 - https://xqimg.imedao.com/1876df32b3f724b3fedc45b6.jpg
2025-11-21 19:31:45,980 - INFO - 序号 623: 成功下载 - https://xqimg.imedao.com/1876df37f7072ce3fe6a6deb.jpg
2025-11-21 19:31:46,415 - INFO - 序号 622: 成功下载 - https://xqimg.imedao.com/1876df367b6724d3fec87532.jpg
2025-11-21 19:31:47,171 - INFO - 序号 621: 成功下载 - https://xqimg.imedao.com/1876df34100736e3fdfe2ea1.jpg
2025-11-21 19:31:47,269 - INFO - 序号 624: 成功下载 - https://xqimg.imedao.com/1876df39ce272a73fe2a3be4.jpg
2025-11-21 19:31:48,608 - INFO - 序号 626: 成功下载 - https://xqimg.imedao.com/1876df3d21972cf3fdb80f12.jpg
2025-11-21 19:31:51,985 - INFO - 序号 625: 成功下载 - https://xqimg.imedao.com/1876df3b5d5724e3fbab30a8.jpg
2025-11-21 19:31:52,088 - INFO - 序号 627: 成功下载 - https://xqimg.imedao.com/1876df3f83473763fefef715.jpg
2025-11-21 19:31:52,488 - INFO - 序号 628: 成功下载 - https://xqimg.imedao.com/1876df4113c731a3fe6f4a1d.jpg
2025-11-21 19:31:53,106 - INFO - 序号 629: 成功下载 - https://xqimg.imedao.com/1876df4391972543fa095e4d.jpg
2025-11-21 19:31:53,585 - INFO - 序号 630: 成功下载 - https://xqimg.imedao.com/1876df44d0573793f9422ca9.jpg
2025-11-21 19:31:55,666 - INFO - 序号 632: 成功下载 - https://xqimg.imedao.com/1876df47ef670f33fd9f38b4.jpg
2025-11-21 19:31:56,408 - INFO - 序号 633: 成功下载 - https://xqimg.imedao.com/1876df4a1f1731e3fda8c29e.jpg
2025-11-21 19:31:56,448 - INFO - 序号 634: 成功下载 - https://xqimg.imedao.com/1876df50a8973213fe9e4ef1.png
2025-11-21 19:31:56,601 - INFO - 序号 635: 成功下载 - https://xqimg.imedao.com/1876df529f3734c3feee59d6.png
2025-11-21 19:31:57,521 - INFO - 序号 631: 成功下载 - https://xqimg.imedao.com/1876df46dbf73423fd44df43.jpg
2025-11-21 19:32:02,726 - INFO - 序号 638: 成功下载 - https://xqimg.imedao.com/187920ecbbe98863fe733f94.jpg
2025-11-21 19:32:03,273 - INFO - 序号 636: 成功下载 - https://xqimg.imedao.com/1876dfa579b734f3fe601af4.jpg
2025-11-21 19:32:03,302 - INFO - 序号 640: 成功下载 - https://xqimg.imedao.com/187920ed7e0988a3fedb4975.jpg
2025-11-21 19:32:03,435 - INFO - 序号 637: 成功下载 - https://xqimg.imedao.com/187920edd84298333fc99bf1.jpg
2025-11-21 19:32:03,981 - INFO - 序号 639: 成功下载 - https://xqimg.imedao.com/187920edeb2298343fc54969.jpg
2025-11-21 19:32:04,966 - INFO - 序号 641: 成功下载 - https://xqimg.imedao.com/187920ed771298313fcbc1c8.jpg
2025-11-21 19:32:06,326 - INFO - 序号 643: 成功下载 - https://xqimg.imedao.com/187921597bb101dd3fc0e516.png
2025-11-21 19:32:08,968 - INFO - 序号 644: 成功下载 - https://xqimg.imedao.com/187920ed6eb298303fb26de1.jpg
2025-11-21 19:32:09,164 - INFO - 序号 642: 成功下载 - https://xqimg.imedao.com/187920ed76c98893feb531e9.jpg
2025-11-21 19:32:09,587 - INFO - 序号 646: 成功下载 - https://xqimg.imedao.com/187920ed0142982d3fe8a196.jpg
2025-11-21 19:32:10,522 - INFO - 序号 645: 成功下载 - https://xqimg.imedao.com/187920edb4b988d3fe200aa2.png
2025-11-21 19:32:11,942 - INFO - 序号 649: 成功下载 - https://xqimg.imedao.com/187920ed0f12982e3fe9b57e.jpg
2025-11-21 19:32:12,599 - INFO - 序号 647: 成功下载 - https://xqimg.imedao.com/187920ece242982c3fe171d4.jpg
2025-11-21 19:32:13,499 - INFO - 序号 650: 成功下载 - https://xqimg.imedao.com/187920edab0988b3fc89cd67.jpg
2025-11-21 19:32:14,977 - INFO - 序号 648: 成功下载 - https://xqimg.imedao.com/187920ed45998883fe8f1665.jpg
2025-11-21 19:32:15,803 - INFO - 序号 651: 成功下载 - https://xqimg.imedao.com/187920ed3e298873fe9e7379.jpg
2025-11-21 19:32:17,777 - INFO - 序号 652: 成功下载 - https://xqimg.imedao.com/187920edb0f988c3fc13b425.jpg
2025-11-21 19:32:17,806 - INFO - 序号 654: 成功下载 - https://xqimg.imedao.com/187920ecd4b2982b3fe418f2.jpg
2025-11-21 19:32:18,090 - INFO - 序号 653: 成功下载 - https://xqimg.imedao.com/187920ed849298323feae1f1.jpg
2025-11-21 19:32:19,389 - INFO - 序号 655: 成功下载 - https://xqimg.imedao.com/187920ed2522982f3fe0bc6e.jpg
2025-11-21 19:32:23,846 - INFO - 序号 656: 成功下载 - https://xqimg.imedao.com/187920f924c106163fea4526.png
2025-11-21 19:32:24,713 - INFO - 序号 659: 成功下载 - https://xqimg.imedao.com/187b60ebe7c1afb93fe0de5f.jpg
2025-11-21 19:32:25,183 - INFO - 序号 660: 成功下载 - https://xqimg.imedao.com/187b60eedda1b0883fc1db60.jpg
2025-11-21 19:32:27,635 - INFO - 序号 657: 成功下载 - https://xqimg.imedao.com/187920fd0ab105483fe554c3.png
2025-11-21 19:32:27,931 - INFO - 序号 658: 成功下载 - https://xqimg.imedao.com/187921bfb7d105623fefc899.png
2025-11-21 19:32:28,142 - INFO - 序号 661: 成功下载 - https://xqimg.imedao.com/187b60efaaa1a9f33fecd531.jpg
2025-11-21 19:32:30,134 - INFO - 序号 662: 成功下载 - https://xqimg.imedao.com/187b60f02911b1f33fd491f5.jpg
2025-11-21 19:32:31,013 - INFO - 序号 665: 成功下载 - https://xqimg.imedao.com/187b60f1c9f1b4b03fec5dfa.jpg
2025-11-21 19:32:32,662 - INFO - 序号 663: 成功下载 - https://xqimg.imedao.com/187b60f0ebd1b2cf3fd2cc3b.jpg
2025-11-21 19:32:34,087 - INFO - 序号 666: 成功下载 - https://xqimg.imedao.com/187b60f32991b2a53fc7b100.jpg
2025-11-21 19:32:34,280 - INFO - 序号 664: 成功下载 - https://xqimg.imedao.com/187b60f16111b19b3fe0e150.jpg
2025-11-21 19:32:35,425 - INFO - 序号 667: 成功下载 - https://xqimg.imedao.com/187b60f41b21b08b3fc84bf6.jpg
2025-11-21 19:32:37,442 - INFO - 序号 668: 成功下载 - https://xqimg.imedao.com/187b60f52961b1f43fb34e52.jpg
2025-11-21 19:32:37,753 - INFO - 序号 669: 成功下载 - https://xqimg.imedao.com/187b60fe4807bf3fe4c63479.jpg
2025-11-21 19:32:38,885 - INFO - 序号 672: 成功下载 - https://xqimg.imedao.com/187b60fde4b6bf43fbd3c6d6.jpg
2025-11-21 19:32:39,160 - INFO - 序号 670: 成功下载 - https://xqimg.imedao.com/187b60fdc467bc3fe531e037.jpg
2025-11-21 19:32:39,664 - INFO - 序号 671: 成功下载 - https://xqimg.imedao.com/187b60fe0db7be3fef242b11.jpg
2025-11-21 19:32:40,371 - INFO - 序号 674: 成功下载 - https://xqimg.imedao.com/187b60fe08d6bf53fc8d244b.jpg
2025-11-21 19:32:41,476 - INFO - 序号 673: 成功下载 - https://xqimg.imedao.com/187b60fe0057bd3fefcfdcb8.jpg
2025-11-21 19:32:44,007 - INFO - 序号 677: 成功下载 - https://xqimg.imedao.com/187b60fe4026bf63fdbd6012.jpg
2025-11-21 19:32:44,059 - INFO - 序号 675: 成功下载 - https://xqimg.imedao.com/187b60fe57c6bf83fd483ade.jpg
2025-11-21 19:32:47,643 - INFO - 序号 676: 成功下载 - https://xqimg.imedao.com/187b60fe5656bf73fefad09b.jpg
2025-11-21 19:32:49,097 - INFO - 序号 678: 成功下载 - https://xqimg.imedao.com/187b610e0011a9fc3fd72e7b.jpg
2025-11-21 19:32:53,889 - INFO - 序号 683: 成功下载 - https://xqimg.imedao.com/187fe22c5f214c3b3fc5e31d.jpg
2025-11-21 19:32:54,139 - INFO - 序号 682: 成功下载 - https://xqimg.imedao.com/187fe22a8cb14d103fe97661.jpg
2025-11-21 19:32:54,172 - INFO - 序号 679: 成功下载 - https://xqimg.imedao.com/187b61102e81b1ab3fe55f12.jpg
2025-11-21 19:32:54,813 - INFO - 序号 680: 成功下载 - https://xqimg.imedao.com/187b61115c41b2003fedce16.jpg
2025-11-21 19:32:54,935 - INFO - 序号 681: 成功下载 - https://xqimg.imedao.com/187fe25386714ebd3fb2e94f.jpg
2025-11-21 19:32:57,738 - INFO - 序号 684: 成功下载 - https://xqimg.imedao.com/187fe22e67a14d323fc4835b.jpg
2025-11-21 19:33:00,705 - INFO - 序号 685: 成功下载 - https://xqimg.imedao.com/187fe231cd814eb13fcdd935.jpg
2025-11-21 19:33:01,004 - INFO - 序号 688: 成功下载 - https://xqimg.imedao.com/187fe2397fd14d633fd14915.jpg
2025-11-21 19:33:01,881 - INFO - 序号 689: 成功下载 - https://xqimg.imedao.com/187fe23cbcf14c463fe4703d.jpg
2025-11-21 19:33:02,186 - INFO - 序号 686: 成功下载 - https://xqimg.imedao.com/187fe23463a14d183fac74ad.jpg
2025-11-21 19:33:02,617 - INFO - 序号 687: 成功下载 - https://xqimg.imedao.com/187fe2362ba14d603fe9644a.jpg
2025-11-21 19:33:06,945 - INFO - 序号 690: 成功下载 - https://xqimg.imedao.com/187fe2404d014eb43fe85abf.jpg
2025-11-21 19:33:07,624 - INFO - 序号 694: 成功下载 - https://xqimg.imedao.com/187fe24b43914ec13fe5999e.jpg
2025-11-21 19:33:07,780 - INFO - 序号 692: 成功下载 - https://xqimg.imedao.com/187fe246a3714ebe3fd1e5b6.jpg
2025-11-21 19:33:08,309 - INFO - 序号 691: 成功下载 - https://xqimg.imedao.com/187fe242d4d14d3e3fda5da8.jpg
2025-11-21 19:33:08,330 - INFO - 序号 693: 成功下载 - https://xqimg.imedao.com/187fe2486b414d253fc412e0.jpg
2025-11-21 19:33:09,303 - INFO - 序号 695: 成功下载 - https://xqimg.imedao.com/187fe24e82214cbd3fde2814.jpg
2025-11-21 19:33:17,566 - INFO - 序号 698: 成功下载 - https://xqimg.imedao.com/187fe269f6914c573fd50803.jpg
2025-11-21 19:33:17,875 - INFO - 序号 697: 成功下载 - https://xqimg.imedao.com/187fe267ee114f9b3fe4c7f8.jpg
2025-11-21 19:33:18,085 - INFO - 序号 696: 成功下载 - https://xqimg.imedao.com/187fe25e5e514b1b3fb37912.jpg
2025-11-21 19:33:18,194 - INFO - 序号 700: 成功下载 - https://xqimg.imedao.com/187fe2814fb14fac3fe82865.jpg
2025-11-21 19:33:18,942 - INFO - 序号 699: 成功下载 - https://xqimg.imedao.com/187fe26bb0014cc93fe7a7e4.jpg
2025-11-21 19:33:20,613 - INFO - 序号 703: 成功下载 - https://xqimg.imedao.com/188222f1f3a3673fe9002db4.jpg
2025-11-21 19:33:23,655 - INFO - 序号 704: 成功下载 - https://xqimg.imedao.com/188222f45303353fd86d9377.jpg
2025-11-21 19:33:25,243 - INFO - 序号 705: 成功下载 - https://xqimg.imedao.com/188222f5be13363fb5dfd1fc.jpg
2025-11-21 19:33:25,739 - INFO - 序号 701: 成功下载 - https://xqimg.imedao.com/187fe284b7b14d833fec05c9.jpg
2025-11-21 19:33:27,239 - INFO - 序号 702: 成功下载 - https://xqimg.imedao.com/1899054ed118e7363fdacb3c.jpg
2025-11-21 19:33:27,834 - INFO - 序号 706: 成功下载 - https://xqimg.imedao.com/188222f7d313373fdc63d0e7.jpg
2025-11-21 19:33:29,831 - INFO - 序号 707: 成功下载 - https://xqimg.imedao.com/188222f92103383fe937d3ff.jpg
2025-11-21 19:33:29,873 - INFO - 序号 708: 成功下载 - https://xqimg.imedao.com/188222fa3bd3393feddbd168.jpg
2025-11-21 19:33:30,550 - INFO - 序号 709: 成功下载 - https://xqimg.imedao.com/188222fb9ee3683fa169897e.jpg
2025-11-21 19:33:32,231 - INFO - 序号 710: 成功下载 - https://xqimg.imedao.com/188222fd05b3693fe5f33303.jpg
2025-11-21 19:33:33,539 - INFO - 序号 711: 成功下载 - https://xqimg.imedao.com/188222fe63633a3fc943a4ba.jpg
2025-11-21 19:33:34,894 - INFO - 序号 713: 成功下载 - https://xqimg.imedao.com/1882230138433b3fcc4794e3.jpg
2025-11-21 19:33:37,872 - INFO - 序号 714: 成功下载 - https://xqimg.imedao.com/18822302c0933c3fd70f0075.jpg
2025-11-21 19:33:38,478 - INFO - 序号 715: 成功下载 - https://xqimg.imedao.com/1882230511e36b3fdbf8a419.jpg
2025-11-21 19:33:40,444 - INFO - 序号 717: 成功下载 - https://xqimg.imedao.com/1882230834033d3fea57ad8d.jpg
2025-11-21 19:33:41,301 - INFO - 序号 712: 成功下载 - https://xqimg.imedao.com/188222ffa4d36a3fd5980a52.jpg
2025-11-21 19:33:42,090 - INFO - 序号 718: 成功下载 - https://xqimg.imedao.com/18822309abf36d3fea275fb5.jpg
2025-11-21 19:33:43,926 - INFO - 序号 719: 成功下载 - https://xqimg.imedao.com/1882230bab133e3fa6e3a106.jpg
2025-11-21 19:33:45,634 - INFO - 序号 721: 成功下载 - https://xqimg.imedao.com/1882230eb1236e3fe7392d08.jpg
2025-11-21 19:33:45,975 - INFO - 序号 716: 成功下载 - https://xqimg.imedao.com/18822306b1236c3fb53b471c.jpg
2025-11-21 19:33:46,563 - INFO - 序号 720: 成功下载 - https://xqimg.imedao.com/1882230d1d133f3fe7b6f8e2.jpg
2025-11-21 19:33:46,579 - INFO - 序号 722: 成功下载 - https://xqimg.imedao.com/18822310a943403feda4b7d8.jpg
2025-11-21 19:33:47,767 - INFO - 序号 723: 成功下载 - https://xqimg.imedao.com/1882231289d3413fc8e88a40.jpg
2025-11-21 19:33:52,809 - INFO - 序号 726: 成功下载 - https://xqimg.imedao.com/1882234c3ca3483fd1b6f9b2.jpg
2025-11-21 19:33:52,825 - INFO - 序号 724: 成功下载 - https://xqimg.imedao.com/188240df3084373fe296ebd9.jpg
2025-11-21 19:33:54,898 - INFO - 序号 727: 成功下载 - https://xqimg.imedao.com/1882410d0ec41b3fe13ef33a.jpg
2025-11-21 19:33:57,848 - INFO - 序号 725: 成功下载 - https://xqimg.imedao.com/1882234aa133473fe22cdc4a.jpg
2025-11-21 19:33:58,366 - INFO - 序号 731: 成功下载 - https://xqimg.imedao.com/18846516c3e10bf83fefcf38.jpg
2025-11-21 19:34:03,317 - INFO - 序号 732: 成功下载 - https://xqimg.imedao.com/188465173e510bfe3fcdffca.jpg
2025-11-21 19:34:03,388 - INFO - 序号 730: 成功下载 - https://xqimg.imedao.com/18846516e9a10bfb3fedc400.jpg
2025-11-21 19:34:03,470 - INFO - 序号 729: 成功下载 - https://xqimg.imedao.com/188465176ca108ab3fe73c6d.jpg
2025-11-21 19:34:03,886 - INFO - 序号 733: 成功下载 - https://xqimg.imedao.com/1884651672d108a43fea6dc5.jpg
2025-11-21 19:34:04,307 - INFO - 序号 728: 成功下载 - https://xqimg.imedao.com/1884651784f108ac3fc7587e.png
2025-11-21 19:34:05,739 - INFO - 序号 736: 成功下载 - https://xqimg.imedao.com/18846516fd9108a83fd35b50.jpg
2025-11-21 19:34:07,413 - INFO - 序号 734: 成功下载 - https://xqimg.imedao.com/1884651700f108a93fe73bd4.jpg
2025-11-21 19:34:09,308 - INFO - 序号 735: 成功下载 - https://xqimg.imedao.com/18846516ccf10bf93feae772.jpg
2025-11-21 19:34:09,769 - INFO - 序号 739: 成功下载 - https://xqimg.imedao.com/18846516ae4108a53fdfac20.jpg
2025-11-21 19:34:09,977 - INFO - 序号 737: 成功下载 - https://xqimg.imedao.com/1884651759410bff3fa10e98.jpg
2025-11-21 19:34:10,536 - INFO - 序号 738: 成功下载 - https://xqimg.imedao.com/18846516d2f10bfa3fc1a206.jpg
2025-11-21 19:34:11,134 - INFO - 序号 740: 成功下载 - https://xqimg.imedao.com/18846516b3b108a63fba3b09.jpg
2025-11-21 19:34:12,271 - INFO - 序号 741: 成功下载 - https://xqimg.imedao.com/1884651675c10bf73fe4058f.jpg
2025-11-21 19:34:13,912 - INFO - 序号 744: 成功下载 - https://xqimg.imedao.com/18d348f92108c0f3fb52e0b1.jpg
2025-11-21 19:34:14,494 - INFO - 序号 743: 成功下载 - https://xqimg.imedao.com/18846516fee10bfd3fd62b71.jpg
2025-11-21 19:34:15,312 - INFO - 序号 742: 成功下载 - https://xqimg.imedao.com/18846517187108aa3fd7fd4b.jpg
2025-11-21 19:34:15,800 - INFO - 序号 745: 成功下载 - https://xqimg.imedao.com/18846516f7710bfc3fecb2ad.jpg
2025-11-21 19:34:17,071 - INFO - 序号 746: 成功下载 - https://xqimg.imedao.com/18846516bbf108a73fe774fa.jpg
2025-11-21 19:34:21,465 - INFO - 序号 750: 成功下载 - https://xqimg.imedao.com/1886a555e491b27f3feea541.jpg
2025-11-21 19:34:23,553 - INFO - 序号 751: 成功下载 - https://xqimg.imedao.com/1886a5559221acb03fb91b41.jpg
2025-11-21 19:34:24,146 - INFO - 序号 749: 成功下载 - https://xqimg.imedao.com/1884659d92415aa13faaad33.jpg
2025-11-21 19:34:24,309 - INFO - 序号 748: 成功下载 - https://xqimg.imedao.com/18846529dee1597a3feb6c72.jpg
2025-11-21 19:34:25,030 - INFO - 序号 747: 成功下载 - https://xqimg.imedao.com/1884652829d15a3a3fe019ca.jpg
2025-11-21 19:34:29,966 - INFO - 序号 753: 成功下载 - https://xqimg.imedao.com/18d348c9de58bfc3fcd0cef4.jpg
2025-11-21 19:34:30,168 - INFO - 序号 756: 成功下载 - https://xqimg.imedao.com/1886a5c6d48202413fc01088.png
2025-11-21 19:34:31,400 - INFO - 序号 755: 成功下载 - https://xqimg.imedao.com/1886a5552fa1acaf3fee68ff.jpg
2025-11-21 19:34:31,441 - INFO - 序号 754: 成功下载 - https://xqimg.imedao.com/18d348cab0594813fe5797eb.jpg
2025-11-21 19:34:33,471 - INFO - 序号 752: 成功下载 - https://xqimg.imedao.com/18d348cbae594823fe3932e7.jpg
2025-11-21 19:34:33,589 - INFO - 序号 757: 成功下载 - https://xqimg.imedao.com/1886a5560071acb53fdbad4f.jpg
2025-11-21 19:34:35,437 - INFO - 序号 759: 成功下载 - https://xqimg.imedao.com/1886a555ae01b27c3fa0c295.jpg
2025-11-21 19:34:35,708 - INFO - 序号 758: 成功下载 - https://xqimg.imedao.com/1886a555e9b1b2803fe0d9f4.jpg
2025-11-21 19:34:37,398 - INFO - 序号 762: 成功下载 - https://xqimg.imedao.com/1886a556b491acb93fbdcf30.jpg
2025-11-21 19:34:38,918 - INFO - 序号 760: 成功下载 - https://xqimg.imedao.com/1886a556ec91b2843fe81356.jpg
2025-11-21 19:34:40,622 - INFO - 序号 764: 成功下载 - https://xqimg.imedao.com/1886a555e5d1acb33fda433a.jpg
2025-11-21 19:34:41,785 - INFO - 序号 763: 成功下载 - https://xqimg.imedao.com/1886a5560b81acb63fe2fd87.jpg
2025-11-21 19:34:41,978 - INFO - 序号 761: 成功下载 - https://xqimg.imedao.com/1886a555e741acb43fe74c25.jpg
2025-11-21 19:34:42,368 - INFO - 序号 765: 成功下载 - https://xqimg.imedao.com/1886a555e441b27e3fe365f3.jpg
2025-11-21 19:34:45,150 - INFO - 序号 767: 成功下载 - https://xqimg.imedao.com/1886a555dad1b27d3fc80599.jpg
2025-11-21 19:34:47,618 - INFO - 序号 766: 成功下载 - https://xqimg.imedao.com/1886a556b5f1b2833fb82114.jpg
2025-11-21 19:34:48,820 - INFO - 序号 768: 成功下载 - https://xqimg.imedao.com/1886a55642d1acb73fc784aa.jpg
2025-11-21 19:34:53,136 - INFO - 序号 769: 成功下载 - https://xqimg.imedao.com/1886a5563f31b2823fedc9a4.jpg
2025-11-21 19:34:53,644 - INFO - 序号 771: 成功下载 - https://xqimg.imedao.com/1886a622a10203743f45d544.jpg
2025-11-21 19:34:53,700 - INFO - 序号 772: 成功下载 - https://xqimg.imedao.com/1888e4cb5ca2f2633fcbee60.jpg
2025-11-21 19:34:54,457 - INFO - 序号 773: 成功下载 - https://xqimg.imedao.com/1888e4cd2432f1cc3fea30ad.jpg
2025-11-21 19:34:54,664 - INFO - 序号 770: 成功下载 - https://xqimg.imedao.com/1886a5566c11acb83fd2b3ff.jpg
2025-11-21 19:34:56,316 - INFO - 序号 776: 成功下载 - https://xqimg.imedao.com/1888e4d2c452ef693fc27cbc.jpg
2025-11-21 19:34:57,623 - INFO - 序号 774: 成功下载 - https://xqimg.imedao.com/1888e4cfc462ef673fc24399.jpg
2025-11-21 19:34:58,786 - INFO - 序号 777: 成功下载 - https://xqimg.imedao.com/1888e4d354a2f4463feec990.jpg
2025-11-21 19:34:59,273 - INFO - 序号 775: 成功下载 - https://xqimg.imedao.com/1888e4d0f102f8d13fea5b73.jpg
2025-11-21 19:34:59,353 - INFO - 序号 778: 成功下载 - https://xqimg.imedao.com/1888e4d4d742f4473f995508.jpg
2025-11-21 19:35:02,771 - INFO - 序号 780: 成功下载 - https://xqimg.imedao.com/1888e4d88112f1da3fe30ef7.jpg
2025-11-21 19:35:02,839 - INFO - 序号 779: 成功下载 - https://xqimg.imedao.com/1888e4d6e382f26d3fdc173c.jpg
2025-11-21 19:35:03,709 - INFO - 序号 781: 成功下载 - https://xqimg.imedao.com/1888e4d9f022eca83fe28c6c.jpg
2025-11-21 19:35:04,312 - INFO - 序号 783: 成功下载 - https://xqimg.imedao.com/1888e4dcee02ef6c3fe8cbd8.jpg
2025-11-21 19:35:04,592 - INFO - 序号 782: 成功下载 - https://xqimg.imedao.com/1888e4db5c32fa1f3fe54164.jpg
2025-11-21 19:35:05,472 - INFO - 序号 784: 成功下载 - https://xqimg.imedao.com/1888e4de6b52f8da3fdfea9b.jpg
2025-11-21 19:35:06,319 - INFO - 序号 786: 成功下载 - https://xqimg.imedao.com/1888e4e1e5f2f22c3fef006c.jpg
2025-11-21 19:35:07,438 - INFO - 序号 785: 成功下载 - https://xqimg.imedao.com/1888e4e05122f22b3fe41341.jpg
2025-11-21 19:35:09,163 - INFO - 序号 787: 成功下载 - https://xqimg.imedao.com/1888e4e391a2f4533fe5fd8c.jpg
2025-11-21 19:35:11,318 - INFO - 序号 789: 成功下载 - https://xqimg.imedao.com/1888e4e7e3c2f5353fc91f69.jpg
2025-11-21 19:35:11,470 - INFO - 序号 788: 成功下载 - https://xqimg.imedao.com/1888e4e5cc82fa2c3fb2c68f.jpg
2025-11-21 19:35:11,784 - INFO - 序号 791: 成功下载 - https://xqimg.imedao.com/1888e4eae712f1ea3fd06bb9.jpg
2025-11-21 19:35:13,096 - INFO - 序号 792: 成功下载 - https://xqimg.imedao.com/1888e4ec3ab2f5373f9865fa.jpg
2025-11-21 19:35:13,982 - INFO - 序号 790: 成功下载 - https://xqimg.imedao.com/1888e4e956d2f8ed3fe497b2.jpg
2025-11-21 19:35:18,583 - INFO - 序号 796: 成功下载 - https://xqimg.imedao.com/188b263d0b76e503fe2e3e74.jpg
2025-11-21 19:35:19,976 - INFO - 序号 793: 成功下载 - https://xqimg.imedao.com/1888e4eff332ecba3fdda00b.jpg
2025-11-21 19:35:20,790 - INFO - 序号 797: 成功下载 - https://xqimg.imedao.com/188b38ac44d3ad4e3fe522fc.jpg
2025-11-21 19:35:20,941 - INFO - 序号 795: 成功下载 - https://xqimg.imedao.com/1888e4f64692f8f13fdfd881.jpg
2025-11-21 19:35:21,784 - INFO - 序号 794: 成功下载 - https://xqimg.imedao.com/1888e4f06c42f8f03fd2a762.jpg
2025-11-21 19:35:22,795 - INFO - 序号 798: 成功下载 - https://xqimg.imedao.com/188b38adca13a3f13fe851f0.jpg
2025-11-21 19:35:25,506 - INFO - 序号 799: 成功下载 - https://xqimg.imedao.com/188b38ae5513a3283fed0e83.jpg
2025-11-21 19:35:29,745 - INFO - 序号 800: 成功下载 - https://xqimg.imedao.com/188b38afef83a38d3fd611b7.jpg
2025-11-21 19:35:32,646 - INFO - 序号 801: 成功下载 - https://xqimg.imedao.com/188b38b07823a5973fc97728.jpg
2025-11-21 19:35:36,866 - INFO - 序号 805: 成功下载 - https://xqimg.imedao.com/188b38b71e53a5ff3fec341e.jpg
2025-11-21 19:35:37,386 - INFO - 序号 803: 成功下载 - https://xqimg.imedao.com/188b38b2d473a5fb3f9cebae.jpg
2025-11-21 19:35:37,480 - INFO - 序号 804: 成功下载 - https://xqimg.imedao.com/188b38b38c33a59f3fcc5b63.jpg
2025-11-21 19:35:37,483 - INFO - 序号 802: 成功下载 - https://xqimg.imedao.com/188b38b1f613a32d3fde82f9.jpg
2025-11-21 19:35:44,425 - INFO - 序号 806: 成功下载 - https://xqimg.imedao.com/188b38b766b3ad543fe60c47.jpg
2025-11-21 19:35:46,481 - INFO - 序号 807: 成功下载 - https://xqimg.imedao.com/188b38b88d43a3973fe2aeb7.jpg
2025-11-21 19:35:46,510 - INFO - 序号 810: 成功下载 - https://xqimg.imedao.com/188b38bb3d93a6053f9c0630.jpg
2025-11-21 19:35:48,829 - INFO - 序号 811: 成功下载 - https://xqimg.imedao.com/188b38bc04a3a6073fe3a775.jpg
2025-11-21 19:35:48,936 - INFO - 序号 809: 成功下载 - https://xqimg.imedao.com/188b38baeb339f323fda272d.jpg
2025-11-21 19:35:49,776 - INFO - 序号 808: 成功下载 - https://xqimg.imedao.com/188b38b95ef3a3993fd1ba95.jpg
2025-11-21 19:35:51,470 - INFO - 序号 813: 成功下载 - https://xqimg.imedao.com/188b38bee9d3ad023fdab4cb.jpg
2025-11-21 19:35:53,397 - INFO - 序号 812: 成功下载 - https://xqimg.imedao.com/188b38bce7f3acff3fbb5611.jpg
2025-11-21 19:35:54,010 - INFO - 序号 814: 成功下载 - https://xqimg.imedao.com/188b38c0cea3a6083f6a6153.jpg
2025-11-21 19:35:55,756 - INFO - 序号 816: 成功下载 - https://xqimg.imedao.com/188b263d9f36fdd3fe9a3765.jpg
2025-11-21 19:35:55,823 - INFO - 序号 815: 成功下载 - https://xqimg.imedao.com/188b38c19f639b533fc451d4.jpg
2025-11-21 19:35:59,642 - INFO - 序号 817: 成功下载 - https://xqimg.imedao.com/188b26890fa3a5b83fe814a3.png
2025-11-21 19:36:00,218 - INFO - 序号 821: 成功下载 - https://xqimg.imedao.com/188f73499fc49913fd7e9942.jpg
2025-11-21 19:36:02,560 - INFO - 序号 820: 成功下载 - https://xqimg.imedao.com/188f734279e4eef3fea635e6.jpg
2025-11-21 19:36:05,272 - INFO - 序号 823: 成功下载 - https://xqimg.imedao.com/18d346f9d298dba3fd3ab4d0.jpg
2025-11-21 19:36:07,695 - INFO - 序号 822: 成功下载 - https://xqimg.imedao.com/188f734beaa46693fc7d7c3e.jpg
2025-11-21 19:36:12,792 - INFO - 序号 824: 成功下载 - https://xqimg.imedao.com/188f734e6ec4ef83fd714c92.jpg
2025-11-21 19:36:13,987 - INFO - 序号 825: 成功下载 - https://xqimg.imedao.com/188f734fbac61393feaa493f.jpg
2025-11-21 19:36:14,553 - INFO - 序号 818: 成功下载 - https://xqimg.imedao.com/188b267c3fb6e8d3fea830f4.png
2025-11-21 19:36:16,575 - INFO - 序号 826: 成功下载 - https://xqimg.imedao.com/188f73534984eff3fe2a6f58.jpg
2025-11-21 19:36:17,697 - INFO - 序号 819: 成功下载 - https://xqimg.imedao.com/188b269b72839c593feeaf04.png
2025-11-21 19:36:20,804 - INFO - 序号 827: 成功下载 - https://xqimg.imedao.com/188f7354956466f3fe7c7705.jpg
2025-11-21 19:36:21,353 - INFO - 序号 828: 成功下载 - https://xqimg.imedao.com/188f735914a61433fe8bf74d.jpg
2025-11-21 19:36:24,963 - INFO - 序号 830: 成功下载 - https://xqimg.imedao.com/188f735c9b061463fe2f00e0.jpg
2025-11-21 19:36:25,267 - INFO - 序号 831: 成功下载 - https://xqimg.imedao.com/188f73604c44f0b3fe7d9f46.jpg
2025-11-21 19:36:27,651 - INFO - 序号 829: 成功下载 - https://xqimg.imedao.com/188f735aae546723fe16c093.jpg
2025-11-21 19:36:31,488 - INFO - 序号 832: 成功下载 - https://xqimg.imedao.com/188f73652a349b03fd353ce1.jpg
2025-11-21 19:36:31,723 - INFO - 序号 833: 成功下载 - https://xqimg.imedao.com/188f736a26349b73fe5989cf.jpg
2025-11-21 19:36:34,414 - INFO - 序号 836: 成功下载 - https://xqimg.imedao.com/188f7371bce49c43fd0eb68a.jpg
2025-11-21 19:36:36,579 - INFO - 序号 835: 成功下载 - https://xqimg.imedao.com/188f736dda849c03fe29f729.jpg
2025-11-21 19:36:36,718 - INFO - 序号 834: 成功下载 - https://xqimg.imedao.com/188f736c10a46833fcb927d4.jpg
2025-11-21 19:36:41,262 - INFO - 序号 839: 成功下载 - https://xqimg.imedao.com/188f7377f414f303fd7966c5.jpg
2025-11-21 19:36:42,483 - INFO - 序号 838: 成功下载 - https://xqimg.imedao.com/188f73763c0468f3fd8bf6c7.jpg
2025-11-21 19:36:43,117 - INFO - 序号 840: 成功下载 - https://xqimg.imedao.com/18d34a3b722a6af3fdbe2da5.jpg
2025-11-21 19:36:43,621 - INFO - 序号 841: 成功下载 - https://xqimg.imedao.com/18d34a3d449a6b03fe2fd94a.jpg
2025-11-21 19:36:44,843 - INFO - 序号 842: 成功下载 - https://xqimg.imedao.com/18d34a4814dcf2b3fe896759.jpg
2025-11-21 19:36:46,154 - INFO - 序号 837: 成功下载 - https://xqimg.imedao.com/188f7373cbd4f283fe6728c0.jpg
2025-11-21 19:36:54,219 - INFO - 序号 844: 成功下载 - https://xqimg.imedao.com/188fa8a0e96177df3feee094.jpg
2025-11-21 19:36:55,140 - INFO - 序号 845: 成功下载 - https://xqimg.imedao.com/188fa8a138517dd13fa8e37c.jpg
2025-11-21 19:36:58,137 - INFO - 序号 847: 成功下载 - https://xqimg.imedao.com/18d346bde51a50f3fe2be46d.jpg
2025-11-21 19:36:58,635 - INFO - 序号 848: 成功下载 - https://xqimg.imedao.com/18d346c5bcdcd903fed4cba6.jpg
2025-11-21 19:36:59,287 - INFO - 序号 846: 成功下载 - https://xqimg.imedao.com/188fa8a14e117dd43fb45924.jpg
2025-11-21 19:37:01,825 - INFO - 序号 849: 成功下载 - https://xqimg.imedao.com/18d346c75c7a5163fe4f7e03.jpg
2025-11-21 19:37:05,206 - INFO - 序号 852: 成功下载 - https://xqimg.imedao.com/18d346af3df8ae63fe69128e.jpg
2025-11-21 19:37:06,665 - INFO - 序号 850: 成功下载 - https://xqimg.imedao.com/188fa8a0ccd177dd3fd2f99d.jpg
2025-11-21 19:37:06,821 - INFO - 序号 843: 成功下载 - https://xqimg.imedao.com/188fa8a141d177e43fd35e1c.png
2025-11-21 19:37:07,228 - INFO - 序号 851: 成功下载 - https://xqimg.imedao.com/188fa8a0f4f17dd03fe64fb4.jpg
2025-11-21 19:37:13,026 - INFO - 序号 853: 成功下载 - https://xqimg.imedao.com/188fa8a121d177e23feab8a3.jpg
2025-11-21 19:37:14,958 - INFO - 序号 854: 成功下载 - https://xqimg.imedao.com/188fa8a168017dd53fcf66ba.jpg
2025-11-21 19:37:15,471 - INFO - 序号 855: 成功下载 - https://xqimg.imedao.com/188fa8a0f1517dcf3fe4c060.jpg
2025-11-21 19:37:17,128 - INFO - 序号 857: 成功下载 - https://xqimg.imedao.com/188fa8a1185177e13fef1a5b.jpg
2025-11-21 19:37:20,865 - INFO - 序号 858: 成功下载 - https://xqimg.imedao.com/188fa8a139917dd23febcf7f.jpg
2025-11-21 19:37:20,944 - INFO - 序号 860: 成功下载 - https://xqimg.imedao.com/188fa8a0e5117dcd3fe10b28.jpg
2025-11-21 19:37:21,071 - INFO - 序号 856: 成功下载 - https://xqimg.imedao.com/188fa8a1254177e33fccb5ae.jpg
2025-11-21 19:37:21,689 - INFO - 序号 859: 成功下载 - https://xqimg.imedao.com/188fa8a13b517dd33fea7179.jpg
2025-11-21 19:37:21,837 - INFO - 序号 861: 成功下载 - https://xqimg.imedao.com/188fa8a030417dc63fd157a6.jpg
2025-11-21 19:37:23,339 - INFO - 序号 864: 成功下载 - https://xqimg.imedao.com/188fa89d50e177ca3fcb375d.jpg
2025-11-21 19:37:25,203 - INFO - 序号 862: 成功下载 - https://xqimg.imedao.com/188fa8a14f2177e53fed0156.jpg
2025-11-21 19:37:25,212 - INFO - 序号 865: 成功下载 - https://xqimg.imedao.com/188fa89d3cf17db63fd71f81.jpg
2025-11-21 19:37:25,310 - INFO - 序号 866: 成功下载 - https://xqimg.imedao.com/188fa8fb029178873fee82e5.jpg
2025-11-21 19:37:25,716 - INFO - 序号 863: 成功下载 - https://xqimg.imedao.com/188fa943d497ce23fe9ddb47.jpg
2025-11-21 19:37:29,677 - INFO - 序号 867: 成功下载 - https://xqimg.imedao.com/1891ea1b74c21ed43fde90c8.jpg
2025-11-21 19:37:31,192 - INFO - 序号 871: 成功下载 - https://xqimg.imedao.com/1891ea1857221eca3fee81c3.jpg
2025-11-21 19:37:31,215 - INFO - 序号 870: 成功下载 - https://xqimg.imedao.com/1891ea1b0f8215ad3fed6f15.jpg
2025-11-21 19:37:33,708 - INFO - 序号 872: 成功下载 - https://xqimg.imedao.com/1891ea18b2c21ecb3f84e736.jpg
2025-11-21 19:37:33,793 - INFO - 序号 868: 成功下载 - https://xqimg.imedao.com/1891ea1baa121ed53fec3b51.jpg
2025-11-21 19:37:34,078 - INFO - 序号 869: 成功下载 - https://xqimg.imedao.com/1891ea19040215a73fe90b6c.jpg
2025-11-21 19:37:37,895 - INFO - 序号 873: 成功下载 - https://xqimg.imedao.com/1891ea19e3a21ecc3febc776.jpg
2025-11-21 19:37:39,687 - INFO - 序号 874: 成功下载 - https://xqimg.imedao.com/1891ea1a155215a93fe735f5.jpg
2025-11-21 19:37:40,471 - INFO - 序号 875: 成功下载 - https://xqimg.imedao.com/1891ea197bd215a83fbe67c4.jpg
2025-11-21 19:37:44,368 - INFO - 序号 878: 成功下载 - https://xqimg.imedao.com/1891ea1a3bf215aa3f9d4e88.jpg
2025-11-21 19:37:47,702 - INFO - 序号 880: 成功下载 - https://xqimg.imedao.com/1891ea1aade215ac3fbb116a.jpg
2025-11-21 19:37:50,909 - INFO - 序号 881: 成功下载 - https://xqimg.imedao.com/1891ea1aa7e215ab3fe2c861.jpg
2025-11-21 19:37:55,921 - INFO - 序号 882: 成功下载 - https://xqimg.imedao.com/1891ea1a42f21ecf3fa962aa.jpg
2025-11-21 19:37:56,437 - INFO - 序号 879: 成功下载 - https://xqimg.imedao.com/1891ea1aad421ed03fee7fa5.jpg
2025-11-21 19:37:57,771 - INFO - 序号 876: 成功下载 - https://xqimg.imedao.com/1891ea1a1aa21ece3febe084.jpg
2025-11-21 19:38:04,327 - INFO - 序号 883: 成功下载 - https://xqimg.imedao.com/1891ea1b2e921ed33fe4d177.jpg
2025-11-21 19:38:10,406 - INFO - 序号 877: 成功下载 - https://xqimg.imedao.com/1891ea1a0ef21ecd3fe74b41.jpg
2025-11-21 19:38:11,940 - INFO - 序号 886: 成功下载 - https://xqimg.imedao.com/1891ea1b134215ae3fcd4dd0.jpg
2025-11-21 19:38:22,119 - INFO - 序号 888: 成功下载 - https://xqimg.imedao.com/1891ea2b617217113fed2e2e.png
2025-11-21 19:38:23,204 - INFO - 序号 887: 成功下载 - https://xqimg.imedao.com/1891ea1b11d21ed23fcce963.jpg
2025-11-21 19:38:27,640 - INFO - 序号 884: 成功下载 - https://xqimg.imedao.com/1891ea1b1dd215af3fcd5512.jpg
2025-11-21 19:38:34,815 - INFO - 序号 889: 成功下载 - https://xqimg.imedao.com/189429eb00c59843fe8a0612.jpg
2025-11-21 19:38:35,279 - INFO - 序号 892: 成功下载 - https://xqimg.imedao.com/189429ea7835a233feeaca61.jpg
2025-11-21 19:38:36,145 - INFO - 序号 891: 成功下载 - https://xqimg.imedao.com/189429eace859833fd6ecf7c.jpg
2025-11-21 19:38:36,251 - INFO - 序号 885: 成功下载 - https://xqimg.imedao.com/1891ea1b8c4215b03fe4d751.jpg
2025-11-21 19:38:38,468 - INFO - 序号 890: 成功下载 - https://xqimg.imedao.com/189429eb5f159883fe082039.jpg
2025-11-21 19:38:39,388 - INFO - 序号 893: 成功下载 - https://xqimg.imedao.com/189429eb14f59863fbbec7a4.jpg
2025-11-21 19:38:43,419 - INFO - 序号 897: 成功下载 - https://xqimg.imedao.com/189429ea9b159813fe39b779.jpg
2025-11-21 19:38:45,983 - INFO - 序号 895: 成功下载 - https://xqimg.imedao.com/189429ea67f5a213fc3950d9.jpg
2025-11-21 19:38:46,075 - INFO - 序号 896: 成功下载 - https://xqimg.imedao.com/189429ea7da5a243fd148edd.jpg
2025-11-21 19:38:46,079 - INFO - 序号 894: 成功下载 - https://xqimg.imedao.com/189429eab5659823fc99f00b.jpg
2025-11-21 19:38:46,109 - INFO - 序号 898: 成功下载 - https://xqimg.imedao.com/189429e9682597f3f96abefd.jpg
2025-11-21 19:38:47,296 - INFO - 序号 899: 成功下载 - https://xqimg.imedao.com/189429ea1355a203fcc893ea.jpg
2025-11-21 19:38:51,713 - INFO - 序号 902: 成功下载 - https://xqimg.imedao.com/189429e90395a1f3fe996cce.jpg
2025-11-21 19:38:54,188 - INFO - 序号 903: 成功下载 - https://xqimg.imedao.com/189429eb0575a273fdecc0db.jpg
2025-11-21 19:38:54,909 - INFO - 序号 900: 成功下载 - https://xqimg.imedao.com/189429ea72d5a223fe7597df.jpg
2025-11-21 19:38:54,982 - INFO - 序号 901: 成功下载 - https://xqimg.imedao.com/189429eb3f25a283fd87aebe.jpg
2025-11-21 19:38:55,721 - INFO - 序号 904: 成功下载 - https://xqimg.imedao.com/189429eb0ff59853fbbda371.jpg
2025-11-21 19:38:59,526 - INFO - 序号 905: 成功下载 - https://xqimg.imedao.com/189429eb1a559873fe739daa.jpg
2025-11-21 19:39:06,426 - INFO - 序号 910: 成功下载 - https://xqimg.imedao.com/189429e7b0b5a1e3fdd8c2e8.jpg
2025-11-21 19:39:06,931 - INFO - 序号 908: 成功下载 - https://xqimg.imedao.com/189429e9a3859803fe916e26.jpg
2025-11-21 19:39:06,936 - INFO - 序号 909: 成功下载 - https://xqimg.imedao.com/189429e7bea597d3fe0a0e14.jpg
2025-11-21 19:39:06,941 - INFO - 序号 907: 成功下载 - https://xqimg.imedao.com/18d3467949dcd583fe4ad4f4.jpg
2025-11-21 19:39:07,239 - INFO - 序号 906: 成功下载 - https://xqimg.imedao.com/18d34675f0198f13fd4842d4.jpg
2025-11-21 19:39:10,854 - INFO - 序号 911: 成功下载 - https://xqimg.imedao.com/18942a417c257fb83fed49fc.png
2025-11-21 19:39:13,967 - INFO - 序号 915: 成功下载 - https://xqimg.imedao.com/18966ad066df0e13fe775119.jpg
2025-11-21 19:39:18,149 - INFO - 序号 914: 成功下载 - https://xqimg.imedao.com/18966ad175654da3fd155c35.jpg
2025-11-21 19:39:18,193 - INFO - 序号 913: 成功下载 - https://xqimg.imedao.com/18966ad17e8f0e93fec1d981.jpg
2025-11-21 19:39:20,281 - INFO - 序号 917: 成功下载 - https://xqimg.imedao.com/18966ad142354d73fdc80214.jpg
2025-11-21 19:39:26,439 - INFO - 序号 912: 成功下载 - https://xqimg.imedao.com/18966ad16a854d93fe4dada3.png
2025-11-21 19:39:28,363 - INFO - 序号 920: 成功下载 - https://xqimg.imedao.com/18966ad0ead54d43fedfe4d4.jpg
2025-11-21 19:39:29,827 - INFO - 序号 918: 成功下载 - https://xqimg.imedao.com/18966ad090254d13fc1de394.jpg
2025-11-21 19:39:30,450 - INFO - 序号 916: 成功下载 - https://xqimg.imedao.com/18966ad0f6f54d63fc30cd05.jpg
2025-11-21 19:39:35,322 - INFO - 序号 921: 成功下载 - https://xqimg.imedao.com/18966ad135df0e63fdc05eb4.jpg
2025-11-21 19:39:37,483 - INFO - 序号 924: 成功下载 - https://xqimg.imedao.com/18966ad0a1df0e33fa87d1eb.jpg
2025-11-21 19:39:38,011 - INFO - 序号 919: 成功下载 - https://xqimg.imedao.com/18966ad1472f0e73feeb5292.jpg
2025-11-21 19:39:39,516 - INFO - 序号 922: 成功下载 - https://xqimg.imedao.com/18966ad0f1354d53fedbf6db.jpg
2025-11-21 19:39:40,643 - INFO - 序号 925: 成功下载 - https://xqimg.imedao.com/18966ad1571f0e83fce3e95b.jpg
2025-11-21 19:39:41,985 - INFO - 序号 923: 成功下载 - https://xqimg.imedao.com/18966ad14e654d83fb2c8ad8.jpg
2025-11-21 19:39:43,693 - INFO - 序号 926: 成功下载 - https://xqimg.imedao.com/18966ad09a654d23fb8d5ded.jpg
2025-11-21 19:39:46,379 - INFO - 序号 927: 成功下载 - https://xqimg.imedao.com/18966ad0d7354d33fdac1cba.jpg
2025-11-21 19:39:46,793 - INFO - 序号 929: 成功下载 - https://xqimg.imedao.com/18966ad1111f0e53faa54075.jpg
2025-11-21 19:39:48,592 - INFO - 序号 931: 成功下载 - https://xqimg.imedao.com/18966ad0f93f0e43fd48ad12.jpg
2025-11-21 19:39:49,253 - INFO - 序号 928: 成功下载 - https://xqimg.imedao.com/18966ad07a6f0e23fd4ee1c3.jpg
2025-11-21 19:39:50,902 - INFO - 序号 930: 成功下载 - https://xqimg.imedao.com/18966ad084c54d03fe960d2f.jpg
2025-11-21 19:39:51,195 - INFO - 序号 933: 成功下载 - https://xqimg.imedao.com/18966ace13854cf3fd9028a5.jpg
2025-11-21 19:39:51,633 - INFO - 序号 932: 成功下载 - https://xqimg.imedao.com/18966acdfee54ce3fe385eeb.jpg
2025-11-21 19:39:55,760 - INFO - 序号 935: 成功下载 - https://xqimg.imedao.com/1898ab5b023183403fdddd8d.jpg
2025-11-21 19:39:55,947 - INFO - 序号 934: 成功下载 - https://xqimg.imedao.com/18966cadd045fb843fedd2a7.jpg
2025-11-21 19:39:59,363 - INFO - 序号 938: 成功下载 - https://xqimg.imedao.com/1898ab5a7bbeaac3fe0aba30.jpg
2025-11-21 19:39:59,733 - INFO - 序号 937: 成功下载 - https://xqimg.imedao.com/1898ab59f91eaa93fe8934ec.jpg
2025-11-21 19:40:00,017 - INFO - 序号 936: 成功下载 - https://xqimg.imedao.com/1898ab5b777183443fe75b0f.jpg
2025-11-21 19:40:02,361 - INFO - 序号 940: 成功下载 - https://xqimg.imedao.com/1898ab5b69beab33fce40274.jpg
2025-11-21 19:40:02,956 - INFO - 序号 939: 成功下载 - https://xqimg.imedao.com/1898ab59110183383fd9ccd5.jpg
2025-11-21 19:40:03,275 - INFO - 序号 941: 成功下载 - https://xqimg.imedao.com/18d345dc10f8d0d3fe5642c0.jpg
2025-11-21 19:40:05,553 - INFO - 序号 943: 成功下载 - https://xqimg.imedao.com/18d345e394998833fcd40129.jpg
2025-11-21 19:40:05,562 - INFO - 序号 942: 成功下载 - https://xqimg.imedao.com/18d345e12c092d13fe75afbc.jpg
2025-11-21 19:40:07,477 - INFO - 序号 944: 成功下载 - https://xqimg.imedao.com/18d345e7b568a863fe0cb424.jpg
2025-11-21 19:40:09,038 - INFO - 序号 945: 成功下载 - https://xqimg.imedao.com/18d345fbc5959d143fdbaf51.jpg
2025-11-21 19:40:10,378 - INFO - 序号 946: 成功下载 - https://xqimg.imedao.com/18d345fdc59583c63fe9899f.jpg
2025-11-21 19:40:10,556 - INFO - 序号 947: 成功下载 - https://xqimg.imedao.com/18d345fcb7d59d153fbc4645.jpg
2025-11-21 19:40:12,364 - INFO - 序号 949: 成功下载 - https://xqimg.imedao.com/18d34604af8583c83fdfea56.jpg
2025-11-21 19:40:16,927 - INFO - 序号 951: 成功下载 - https://xqimg.imedao.com/18d345fbc00583c53fc5dd12.jpg
2025-11-21 19:40:18,356 - INFO - 序号 953: 成功下载 - https://xqimg.imedao.com/18d3460868359d1c3febd867.jpg
2025-11-21 19:40:19,483 - INFO - 序号 948: 成功下载 - https://xqimg.imedao.com/18d34604cb159d183fd46b3e.jpg
2025-11-21 19:40:19,764 - INFO - 序号 952: 成功下载 - https://xqimg.imedao.com/18d345fb5c0583c43fd0a717.jpg
2025-11-21 19:40:19,912 - INFO - 序号 950: 成功下载 - https://xqimg.imedao.com/18d34603a7d583c73febe6f1.jpg
2025-11-21 19:40:22,017 - INFO - 序号 954: 成功下载 - https://xqimg.imedao.com/18d3460834359d1b3fda68e1.jpg
2025-11-21 19:40:24,822 - INFO - 序号 958: 成功下载 - https://xqimg.imedao.com/18d34600a4e59d163fdc54aa.jpg
2025-11-21 19:40:25,296 - INFO - 序号 956: 成功下载 - https://xqimg.imedao.com/18d34603fcb59d173fedcdbb.jpg
2025-11-21 19:40:26,228 - INFO - 序号 957: 成功下载 - https://xqimg.imedao.com/18d346082bf583ca3fe73da5.jpg
2025-11-21 19:40:26,675 - INFO - 序号 959: 成功下载 - https://xqimg.imedao.com/189aec13ddf184793fe3f181.jpg
2025-11-21 19:40:27,028 - INFO - 序号 955: 成功下载 - https://xqimg.imedao.com/18d3460614559d1a3fea783f.jpg
2025-11-21 19:40:29,538 - INFO - 序号 960: 成功下载 - https://xqimg.imedao.com/189aec17712219643fdb8cbf.jpg
2025-11-21 19:40:31,263 - INFO - 序号 961: 成功下载 - https://xqimg.imedao.com/189aec166f9219613fd1fca5.jpg
2025-11-21 19:40:35,329 - INFO - 序号 963: 成功下载 - https://xqimg.imedao.com/189aec160112195f3fda463a.jpg
2025-11-21 19:40:35,711 - INFO - 序号 964: 成功下载 - https://xqimg.imedao.com/189aec1799f219673fe7f1e1.jpg
2025-11-21 19:40:36,989 - INFO - 序号 966: 成功下载 - https://xqimg.imedao.com/189aec169921847f3fd50d97.jpg
2025-11-21 19:40:37,759 - INFO - 序号 962: 成功下载 - https://xqimg.imedao.com/189aec167d3219623fc318c9.jpg
2025-11-21 19:40:42,045 - INFO - 序号 967: 成功下载 - https://xqimg.imedao.com/189aec1781f184833fb2e419.jpg
2025-11-21 19:40:42,589 - INFO - 序号 965: 成功下载 - https://xqimg.imedao.com/189aec1776c219653fc44c85.jpg
2025-11-21 19:40:44,948 - INFO - 序号 968: 成功下载 - https://xqimg.imedao.com/189aec16bd5184813fecc633.jpg
2025-11-21 19:40:45,154 - INFO - 序号 969: 成功下载 - https://xqimg.imedao.com/189aec17aa6219683fe36ec6.jpg
2025-11-21 19:40:46,290 - INFO - 序号 970: 成功下载 - https://xqimg.imedao.com/189aec16b12219633fd544b3.jpg
2025-11-21 19:40:47,459 - INFO - 序号 972: 成功下载 - https://xqimg.imedao.com/189aec15eb91847b3fd1fc95.jpg
2025-11-21 19:40:50,924 - INFO - 序号 974: 成功下载 - https://xqimg.imedao.com/189aec178b4219663fecd3e8.jpg
2025-11-21 19:40:52,244 - INFO - 序号 971: 成功下载 - https://xqimg.imedao.com/189aec16fe3184823fc8efc7.jpg
2025-11-21 19:40:53,569 - INFO - 序号 973: 成功下载 - https://xqimg.imedao.com/189aec1596e2195e3fb8f914.jpg
2025-11-21 19:40:54,653 - INFO - 序号 975: 成功下载 - https://xqimg.imedao.com/189aec166b0219603fd58233.jpg
2025-11-21 19:40:54,730 - INFO - 序号 976: 成功下载 - https://xqimg.imedao.com/189aec154d52195d3feba503.jpg
2025-11-21 19:40:56,843 - INFO - 序号 977: 成功下载 - https://xqimg.imedao.com/189aec141542195a3fe36780.jpg
2025-11-21 19:41:01,959 - INFO - 序号 979: 成功下载 - https://xqimg.imedao.com/189aec179b5184853feb283d.jpg
2025-11-21 19:41:02,440 - INFO - 序号 978: 成功下载 - https://xqimg.imedao.com/189aec17d0c184863fe361c0.jpg
2025-11-21 19:41:03,875 - INFO - 序号 982: 成功下载 - https://xqimg.imedao.com/189d2d7fa1221d783fcd917c.jpg
2025-11-21 19:41:06,501 - INFO - 序号 981: 成功下载 - https://xqimg.imedao.com/189d2d7fafd2ae9f3fde57eb.jpg
2025-11-21 19:41:08,274 - INFO - 序号 985: 成功下载 - https://xqimg.imedao.com/189d2d7f7f421d763feb5dee.jpg
2025-11-21 19:41:08,483 - INFO - 序号 980: 成功下载 - https://xqimg.imedao.com/189aec178d9184843fe69384.jpg
2025-11-21 19:41:09,680 - INFO - 序号 983: 成功下载 - https://xqimg.imedao.com/189d2d7f9de21d773fbfd44d.jpg
2025-11-21 19:41:10,631 - INFO - 序号 984: 成功下载 - https://xqimg.imedao.com/189d2d80a1621d833fddda94.jpg
2025-11-21 19:41:13,315 - INFO - 序号 986: 成功下载 - https://xqimg.imedao.com/189d2d80bf92aea93fc0dd1b.jpg
2025-11-21 19:41:13,976 - INFO - 序号 988: 成功下载 - https://xqimg.imedao.com/189d2d819812aeac3f96b292.jpg
2025-11-21 19:41:14,120 - INFO - 序号 987: 成功下载 - https://xqimg.imedao.com/189d2d7fea521d7c3fed6321.jpg
2025-11-21 19:41:15,560 - INFO - 序号 989: 成功下载 - https://xqimg.imedao.com/189d2d80ef72aeab3fe5b721.jpg
2025-11-21 19:41:16,198 - INFO - 序号 990: 成功下载 - https://xqimg.imedao.com/189d2d803fb2aea43fca36e1.jpg
2025-11-21 19:41:20,528 - INFO - 序号 992: 成功下载 - https://xqimg.imedao.com/189d2d8676521d933fea1efe.jpg
2025-11-21 19:41:20,591 - INFO - 序号 991: 成功下载 - https://xqimg.imedao.com/189d2d8588321d8f3fb46bbb.jpg
2025-11-21 19:41:21,500 - INFO - 序号 993: 成功下载 - https://xqimg.imedao.com/189d2d8727421d973fd2204f.jpg
2025-11-21 19:41:22,438 - INFO - 序号 995: 成功下载 - https://xqimg.imedao.com/189d2d869d421d943fc70a91.jpg
2025-11-21 19:41:23,798 - INFO - 序号 994: 成功下载 - https://xqimg.imedao.com/189d2d851892aeb43fb133ad.jpg
2025-11-21 19:41:25,715 - INFO - 序号 998: 成功下载 - https://xqimg.imedao.com/189d2d83f8a21d893fe06f63.jpg
2025-11-21 19:41:27,410 - INFO - 序号 997: 成功下载 - https://xqimg.imedao.com/189d2d8382b2aead3fe42839.jpg
2025-11-21 19:41:27,652 - INFO - 序号 999: 成功下载 - https://xqimg.imedao.com/189d2d86daf21d963fc6b64f.jpg
2025-11-21 19:41:28,183 - INFO - 序号 1000: 成功下载 - https://xqimg.imedao.com/189d2d858ae2aeb53fde4fe6.jpg
2025-11-21 19:41:28,205 - INFO - 序号 996: 成功下载 - https://xqimg.imedao.com/189d2d8434c2aeb13feb3cec.jpg
2025-11-21 19:41:29,341 - INFO - 序号 1001: 成功下载 - https://xqimg.imedao.com/189d2d806fc21d803fe87d11.jpg
2025-11-21 19:41:31,799 - INFO - 序号 1002: 成功下载 - https://xqimg.imedao.com/189d2d832c621d873fe03ae3.jpg
2025-11-21 19:41:31,838 - INFO - 序号 1005: 成功下载 - https://xqimg.imedao.com/189f6f12cfd2b7bc3fe1b3cf.jpg
2025-11-21 19:41:35,191 - INFO - 序号 1003: 成功下载 - https://xqimg.imedao.com/189f6f135553454d3feaceec.jpg
2025-11-21 19:41:36,184 - INFO - 序号 1006: 成功下载 - https://xqimg.imedao.com/189f6f11a90345493fe53088.jpg
2025-11-21 19:41:38,218 - INFO - 序号 1004: 成功下载 - https://xqimg.imedao.com/189f6f13a382b7c13fc9bebc.jpg
2025-11-21 19:41:38,754 - INFO - 序号 1008: 成功下载 - https://xqimg.imedao.com/189f6f135be2b7bf3fb569aa.jpg
2025-11-21 19:41:38,826 - INFO - 序号 1007: 成功下载 - https://xqimg.imedao.com/189f6f13a533454f3fc7a3aa.jpg
2025-11-21 19:41:40,123 - INFO - 序号 1009: 成功下载 - https://xqimg.imedao.com/189f6f126d83454a3fde2171.jpg
2025-11-21 19:41:40,788 - INFO - 序号 1010: 成功下载 - https://xqimg.imedao.com/189f6f131ba2b7bd3fe4d5d6.jpg
2025-11-21 19:41:47,042 - INFO - 序号 1015: 成功下载 - https://xqimg.imedao.com/189f6f1362a2b7c03fed71cc.jpg
2025-11-21 19:41:47,630 - INFO - 序号 1014: 成功下载 - https://xqimg.imedao.com/189f6f131733454b3fdbb317.jpg
2025-11-21 19:41:47,699 - INFO - 序号 1012: 成功下载 - https://xqimg.imedao.com/189f6f131cb3454c3fe26e76.jpg
2025-11-21 19:41:47,965 - INFO - 序号 1013: 成功下载 - https://xqimg.imedao.com/189f6f145ed345523fc2a932.jpg
2025-11-21 19:41:48,063 - INFO - 序号 1011: 成功下载 - https://xqimg.imedao.com/189f6f13b5f345503fedcedc.jpg
2025-11-21 19:41:51,657 - INFO - 序号 1016: 成功下载 - https://xqimg.imedao.com/189f6f131cf2b7be3fa3b820.jpg
2025-11-21 19:41:56,223 - INFO - 序号 1020: 成功下载 - https://xqimg.imedao.com/189f6f146b8345533febaa54.jpg
2025-11-21 19:41:57,474 - INFO - 序号 1018: 成功下载 - https://xqimg.imedao.com/189f6f140922b7c33febe788.jpg
2025-11-21 19:41:58,896 - INFO - 序号 1019: 成功下载 - https://xqimg.imedao.com/189f6f139f33454e3fe8d9a5.jpg
2025-11-21 19:41:59,508 - INFO - 序号 1021: 成功下载 - https://xqimg.imedao.com/189f6f126ba2b7bb3fee18e9.jpg
2025-11-21 19:41:59,844 - INFO - 序号 1017: 成功下载 - https://xqimg.imedao.com/189f6f147742b7c53fd2f8c6.jpg
2025-11-21 19:42:03,715 - INFO - 序号 1023: 成功下载 - https://xqimg.imedao.com/189f6f143cf345513fe1dc0a.jpg
2025-11-21 19:42:06,480 - INFO - 序号 1022: 成功下载 - https://xqimg.imedao.com/189f6f13b982b7c23fed403a.jpg
2025-11-21 19:42:06,981 - INFO - 序号 1026: 成功下载 - https://xqimg.imedao.com/18a1af0d8593d92e3fb8390a.jpg
2025-11-21 19:42:07,882 - INFO - 序号 1024: 成功下载 - https://xqimg.imedao.com/189f6f1460e2b7c43fde9eea.jpg
2025-11-21 19:42:09,206 - INFO - 序号 1027: 成功下载 - https://xqimg.imedao.com/18a1af0b9fc3d9233fc8a623.jpg
2025-11-21 19:42:09,355 - INFO - 序号 1025: 成功下载 - https://xqimg.imedao.com/18a1af0be8f3d9243fe472d4.jpg
2025-11-21 19:42:10,564 - INFO - 序号 1028: 成功下载 - https://xqimg.imedao.com/18a1af0cbba3d9283fc85052.jpg
2025-11-21 19:42:12,156 - INFO - 序号 1029: 成功下载 - https://xqimg.imedao.com/18a1af0b53b34d593fe8683c.jpg
2025-11-21 19:42:12,418 - INFO - 序号 1030: 成功下载 - https://xqimg.imedao.com/18a1af0a0df3d9223fe9c147.jpg
2025-11-21 19:42:15,828 - INFO - 序号 1031: 成功下载 - https://xqimg.imedao.com/18a1af0cbb034d5e3fe9e8de.jpg
2025-11-21 19:42:19,182 - INFO - 序号 1033: 成功下载 - https://xqimg.imedao.com/18a1af0cadb3d9273fe849cb.jpg
2025-11-21 19:42:19,198 - INFO - 序号 1032: 成功下载 - https://xqimg.imedao.com/18a1af0d9d934d653fef424c.jpg
2025-11-21 19:42:19,374 - INFO - 序号 1034: 成功下载 - https://xqimg.imedao.com/18a1af0d4fa34d623fef1b79.jpg
2025-11-21 19:42:20,350 - INFO - 序号 1035: 成功下载 - https://xqimg.imedao.com/18a1af0ddf53d9303fe9aa8a.jpg
2025-11-21 19:42:20,914 - INFO - 序号 1036: 成功下载 - https://xqimg.imedao.com/18a1af0c7c03d9253fef4260.jpg
2025-11-21 19:42:25,012 - INFO - 序号 1039: 成功下载 - https://xqimg.imedao.com/18a1af0d8fe34d643fd894c1.jpg
2025-11-21 19:42:26,741 - INFO - 序号 1040: 成功下载 - https://xqimg.imedao.com/18a1af0c54334d5b3fe55062.jpg
2025-11-21 19:42:27,278 - INFO - 序号 1041: 成功下载 - https://xqimg.imedao.com/18a1af0cc463d9293fe82dae.jpg
2025-11-21 19:42:27,451 - INFO - 序号 1037: 成功下载 - https://xqimg.imedao.com/18a1af0ca5534d5d3fdfea8b.jpg
2025-11-21 19:42:28,316 - INFO - 序号 1038: 成功下载 - https://xqimg.imedao.com/18a1af0d80834d633feaef3d.jpg
2025-11-21 19:42:29,099 - INFO - 序号 1042: 成功下载 - https://xqimg.imedao.com/18a1af0d3de3d92b3fd0386b.jpg
2025-11-21 19:42:31,273 - INFO - 序号 1043: 成功下载 - https://xqimg.imedao.com/18a1af0cbba34d5f3fc21cb0.jpg
2025-11-21 19:42:33,810 - INFO - 序号 1047: 成功下载 - https://xqimg.imedao.com/18a3f061bb23ebeb3fe9eb83.png
2025-11-21 19:42:34,960 - INFO - 序号 1045: 成功下载 - https://xqimg.imedao.com/18a1af0dd1934d663fa5a61c.jpg
2025-11-21 19:42:37,078 - INFO - 序号 1048: 成功下载 - https://xqimg.imedao.com/18a3f0657933ebf33feb2725.jpg
2025-11-21 19:42:37,841 - INFO - 序号 1049: 成功下载 - https://xqimg.imedao.com/18a3f063dce475643fd5c3fc.jpg
2025-11-21 19:42:37,922 - INFO - 序号 1044: 成功下载 - https://xqimg.imedao.com/18a1af0dc113d92f3fded773.jpg
2025-11-21 19:42:38,001 - INFO - 序号 1046: 成功下载 - https://xqimg.imedao.com/18a1af0d84f3d92d3fe9a4bc.jpg
2025-11-21 19:42:39,181 - INFO - 序号 1050: 成功下载 - https://xqimg.imedao.com/18a3f0654bb3ebef3fe68680.jpg
2025-11-21 19:42:40,682 - INFO - 序号 1052: 成功下载 - https://xqimg.imedao.com/18d345513a28a443f981f50f.jpg
2025-11-21 19:42:41,567 - INFO - 序号 1051: 成功下载 - https://xqimg.imedao.com/18a3f0641bc475653fe52bfa.jpg
2025-11-21 19:42:42,024 - INFO - 序号 1053: 成功下载 - https://xqimg.imedao.com/18d34555fd08ccc3fd091541.jpg
2025-11-21 19:42:42,653 - INFO - 序号 1054: 成功下载 - https://xqimg.imedao.com/18d34557955cc8e3fd70036d.jpg
2025-11-21 19:42:43,265 - INFO - 序号 1055: 成功下载 - https://xqimg.imedao.com/18d34559c5da3fe3fdf0a119.jpg
2025-11-21 19:42:43,921 - INFO - 序号 1056: 成功下载 - https://xqimg.imedao.com/18d3455c67392823fe6b10f2.jpg
2025-11-21 19:42:45,580 - INFO - 序号 1058: 成功下载 - https://xqimg.imedao.com/18d345650ba8a4e3fb0d4e85.jpg
2025-11-21 19:42:46,295 - INFO - 序号 1059: 成功下载 - https://xqimg.imedao.com/18d34569728cc9c3fe6f1353.jpg
2025-11-21 19:42:46,809 - INFO - 序号 1057: 成功下载 - https://xqimg.imedao.com/18d345620bd982d3fce98620.jpg
2025-11-21 19:42:46,930 - INFO - 序号 1061: 成功下载 - https://xqimg.imedao.com/18d3456e6b7a40f3fe0a315f.jpg
2025-11-21 19:42:47,851 - INFO - 序号 1060: 成功下载 - https://xqimg.imedao.com/18d3456c2a2928d3fefd95ac.jpg
2025-11-21 19:42:49,888 - INFO - 序号 1062: 成功下载 - https://xqimg.imedao.com/18d3456fe828cd53fe3d922c.jpg
2025-11-21 19:42:49,929 - INFO - 序号 1063: 成功下载 - https://xqimg.imedao.com/18d34572d7092903fe70a23c.jpg
2025-11-21 19:42:50,707 - INFO - 序号 1065: 成功下载 - https://xqimg.imedao.com/18d3457778192933fe24f66d.jpg
2025-11-21 19:42:50,825 - INFO - 序号 1064: 成功下载 - https://xqimg.imedao.com/18d34574e5ccca53fc8d1469.jpg
2025-11-21 19:43:00,446 - INFO - 序号 1066: 成功下载 - https://xqimg.imedao.com/18d3463414a583db3fe21177.jpg
2025-11-21 19:43:04,421 - INFO - 序号 1069: 成功下载 - https://xqimg.imedao.com/18a6314f5794897f3fe52d71.jpg
2025-11-21 19:43:06,222 - INFO - 序号 1067: 成功下载 - https://xqimg.imedao.com/18d346336b4583da3fe48048.jpg
2025-11-21 19:43:06,412 - INFO - 序号 1071: 成功下载 - https://xqimg.imedao.com/18a6314f40e50f983fd27bbe.jpg
2025-11-21 19:43:07,469 - INFO - 序号 1070: 成功下载 - https://xqimg.imedao.com/18a6314f4724897e3fec5991.jpg
2025-11-21 19:43:08,029 - INFO - 序号 1072: 成功下载 - https://xqimg.imedao.com/18a6314f65350f993feb5ddb.jpg
2025-11-21 19:43:10,685 - INFO - 序号 1074: 成功下载 - https://xqimg.imedao.com/18a6314fb34489803fabda74.jpg
2025-11-21 19:43:13,272 - INFO - 序号 1073: 成功下载 - https://xqimg.imedao.com/18a6314fb6950f9a3f706f64.jpg
2025-11-21 19:43:13,495 - INFO - 序号 1075: 成功下载 - https://xqimg.imedao.com/18a6314f3e84897d3fa0af89.jpg
2025-11-21 19:43:14,467 - INFO - 序号 1076: 成功下载 - https://xqimg.imedao.com/18a631713e6297563fe47675.jpg
2025-11-21 19:43:18,844 - INFO - 序号 1078: 成功下载 - https://xqimg.imedao.com/18a63177e9d6c403fda5e09f.jpg
2025-11-21 19:43:18,886 - INFO - 序号 1079: 成功下载 - https://xqimg.imedao.com/18a6315ae3e4898f3fd6a347.jpg
2025-11-21 19:43:19,204 - INFO - 序号 1068: 成功下载 - https://xqimg.imedao.com/18d34634864583dc3fced9b6.png
2025-11-21 19:43:19,568 - INFO - 序号 1077: 成功下载 - https://xqimg.imedao.com/18a6317403a2658a3fef01ee.jpg
2025-11-21 19:43:20,833 - INFO - 序号 1080: 成功下载 - https://xqimg.imedao.com/18a6317d84d727f3fbda4aa9.jpg
2025-11-21 19:43:26,893 - INFO - 序号 1082: 成功下载 - https://xqimg.imedao.com/18a6317da22297603fe7534b.jpg
2025-11-21 19:43:27,685 - INFO - 序号 1081: 成功下载 - https://xqimg.imedao.com/18a6317daa7297613fef627e.jpg
2025-11-21 19:43:29,282 - INFO - 序号 1083: 成功下载 - https://xqimg.imedao.com/18a6315bdaf50fab3fdcaf85.jpg
2025-11-21 19:43:29,452 - INFO - 序号 1085: 成功下载 - https://xqimg.imedao.com/18a6315bd74489903fdd5ef1.jpg
2025-11-21 19:43:29,828 - INFO - 序号 1084: 成功下载 - https://xqimg.imedao.com/18a6318f6c2728b3fe0fb438.jpg
2025-11-21 19:43:31,073 - INFO - 序号 1086: 成功下载 - https://xqimg.imedao.com/18a6319d9df23e703fe79760.jpg
2025-11-21 19:43:33,400 - INFO - 序号 1087: 成功下载 - https://xqimg.imedao.com/18a6319da2a265a93fb32278.jpg
2025-11-21 19:43:40,812 - INFO - 序号 1089: 成功下载 - https://xqimg.imedao.com/18a6336337333b7c3fc39204.jpg
2025-11-21 19:43:41,409 - INFO - 序号 1092: 成功下载 - https://xqimg.imedao.com/18a63362d9b299363fdb2cec.jpg
2025-11-21 19:43:42,783 - INFO - 序号 1090: 成功下载 - https://xqimg.imedao.com/18a6336d04a33b883feaa1c2.jpg
2025-11-21 19:43:42,839 - INFO - 序号 1088: 成功下载 - https://xqimg.imedao.com/18a6315824b50faa3fb2ae44.jpg
2025-11-21 19:43:43,336 - INFO - 序号 1091: 成功下载 - https://xqimg.imedao.com/18a63363247240393fd5a245.jpg
2025-11-21 19:43:44,521 - INFO - 序号 1093: 成功下载 - https://xqimg.imedao.com/18a63371ffe6e2f3fee2dd8e.jpg
2025-11-21 19:43:51,177 - INFO - 序号 1094: 成功下载 - https://xqimg.imedao.com/18a633632516e1f3fd96cd70.jpg
2025-11-21 19:43:59,507 - INFO - 序号 1096: 成功下载 - https://xqimg.imedao.com/18a6336333e267713fa949e9.jpg
2025-11-21 19:43:59,576 - INFO - 序号 1095: 成功下载 - https://xqimg.imedao.com/18a633634976e203fe9b0992.jpg
2025-11-21 19:44:07,462 - INFO - 序号 1098: 成功下载 - https://xqimg.imedao.com/199ccde54ed254513fbb6839.jpg
2025-11-21 19:44:23,928 - INFO - 序号 1100: 成功下载 - https://xqimg.imedao.com/199ccef4034255033fe18c61.jpg
2025-11-21 19:44:27,387 - INFO - 序号 1102: 成功下载 - https://xqimg.imedao.com/199ccef81d4252673feefe0c.jpg
2025-11-21 19:44:28,204 - INFO - 序号 1099: 成功下载 - https://xqimg.imedao.com/199ccef2b07252603fe56998.jpg
2025-11-21 19:44:28,655 - INFO - 序号 1101: 成功下载 - https://xqimg.imedao.com/199ccef6d032536c3fe497a8.jpg
2025-11-21 19:44:30,399 - INFO - 序号 1097: 成功下载 - https://xqimg.imedao.com/199c7d0507f233bf3fb8a315.jpg
2025-11-21 19:44:44,886 - INFO - 序号 1103: 成功下载 - https://xqimg.imedao.com/199ccef876f256493fd0d492.jpg
2025-11-21 19:44:49,260 - INFO - 序号 1104: 成功下载 - https://xqimg.imedao.com/199cce043fa251ab3fd11d6b.jpg
2025-11-21 19:44:54,856 - INFO - 序号 1105: 成功下载 - https://xqimg.imedao.com/199ccdff8bb25bee3fd5ac61.jpg
2025-11-21 19:44:59,358 - INFO - 序号 1107: 成功下载 - https://xqimg.imedao.com/199ccefcf142526b3fdf0e5b.jpg
2025-11-21 19:45:06,611 - INFO - 序号 1109: 成功下载 - https://xqimg.imedao.com/199ccf035a0256593fe142e3.jpg
2025-11-21 19:45:08,285 - INFO - 序号 1110: 成功下载 - https://xqimg.imedao.com/199ccf055322527f3fde79ef.jpg
2025-11-21 19:45:09,532 - INFO - 序号 1106: 成功下载 - https://xqimg.imedao.com/199ccefc1962526a3fe97613.jpg
2025-11-21 19:45:13,694 - INFO - 序号 1111: 成功下载 - https://xqimg.imedao.com/199ccf091f42538b3fee6c6f.jpg
2025-11-21 19:45:15,182 - INFO - 序号 1108: 成功下载 - https://xqimg.imedao.com/199ccf02a512537e3fec45de.jpg
2025-11-21 19:45:32,558 - INFO - 序号 1112: 成功下载 - https://xqimg.imedao.com/199ccf0b941253913fed9b45.jpg
2025-11-21 19:45:33,360 - INFO - 序号 1116: 成功下载 - https://xqimg.imedao.com/199ccf150f42553c3fe33105.jpg
2025-11-21 19:45:34,437 - INFO - 序号 1114: 成功下载 - https://xqimg.imedao.com/199ccf0fc01255323fe0aedd.jpg
2025-11-21 19:45:34,805 - INFO - 序号 1113: 成功下载 - https://xqimg.imedao.com/199ccf0d0592522b3fe5d7f1.jpg
2025-11-21 19:45:37,759 - INFO - 序号 1115: 成功下载 - https://xqimg.imedao.com/199ccf139ba2553a3fe15f4b.jpg
2025-11-21 19:45:45,841 - INFO - 序号 1118: 成功下载 - https://xqimg.imedao.com/199ccf18bb6255413fba5fed.jpg
2025-11-21 19:45:49,013 - INFO - 序号 1117: 成功下载 - https://xqimg.imedao.com/199ccf176ba2567e3fea1e86.jpg
2025-11-21 19:46:00,381 - INFO - 序号 1122: 成功下载 - https://xqimg.imedao.com/199ccf1ef22252383fd2865c.jpg
2025-11-21 19:46:00,444 - INFO - 序号 1121: 成功下载 - https://xqimg.imedao.com/199ccf1d7ce256883fbd9532.jpg
2025-11-21 19:46:01,291 - INFO - 序号 1123: 成功下载 - https://xqimg.imedao.com/199ccf20fdd2554b3fe9fe2e.jpg
2025-11-21 19:46:01,814 - INFO - 序号 1119: 成功下载 - https://xqimg.imedao.com/199ccf1a21525cdb3fe8d55a.jpg
2025-11-21 19:46:02,671 - INFO - 序号 1120: 成功下载 - https://xqimg.imedao.com/199ccf1d02b255483fd4de82.jpg
2025-11-21 19:46:02,674 - INFO - 
========== 下载统计报告 ==========
2025-11-21 19:46:02,674 - INFO - 总图片数量: 1123
2025-11-21 19:46:02,674 - INFO - 成功下载: 1123
2025-11-21 19:46:02,674 - INFO - 下载失败: 0
2025-11-21 19:46:02,674 - INFO - 成功率: 100.00%
2025-11-21 19:46:02,675 - INFO - 总耗时: 1514.42 秒
2025-11-21 19:46:02,675 - INFO - 平均速度: 0.74 张/秒
2025-11-21 19:46:02,675 - INFO - ================================
